instante,HS10_mean,HS20_mean,HS30_mean,HS30_min,HS40_mean,HS50_mean,HS60_mean,TS30_mean,dendrometro_mean,litros_arbol_last,litros_intervalo_sum,evento_riego_max,TA_mean,HA_mean,radiacion_mean
2018-07-10 00:00:00,0.8386227181792724,0.8359380863916691,0.8237207087767852,0.8236153354632588,0.7721870638616403,0.8511729531055168,0.7657277070063694,28.2,38.73340297787551,288.8,0.0,0.0,21.173333333333332,78.58333333333333,0.0
2018-07-10 01:00:00,0.837166610749794,0.8352246570454339,0.8233881369426751,0.8232,0.7719157392686805,0.8507206677265501,0.7653088369507249,28.2,38.73593219214437,288.8,0.0,0.0,20.878333333333334,78.66666666666667,0.0
2018-07-10 02:00:00,0.8356180781745187,0.8343128847774071,0.8229338375796179,0.8227,0.7714971337579618,0.850345593382817,0.7648862061470023,28.2,38.737864417989414,288.8,0.0,0.0,20.746666666666666,77.8,0.0
2018-07-10 03:00:00,0.8341175988324405,0.8334265061145821,0.8223335028218552,0.822,0.7710857595887383,0.8499058823529412,0.7644753763598743,28.2,38.74,288.8,0.0,0.0,20.585,78.64999999999999,0.0
2018-07-10 04:00:00,0.8326336311301935,0.832702793079704,0.8217524952406509,0.8215011146496816,0.7706899843970985,0.8496083532483402,0.7641689454160042,28.2,38.74057299947006,288.8,0.0,0.0,20.400000000000002,80.36666666666666,0.4983333333333333
2018-07-10 05:00:00,0.83125116622537,0.8317503988660554,0.821278832162061,0.8210888712241654,0.7701632275132275,0.849314702195505,0.7638925955414013,28.058717541070482,38.742523184949654,288.8,0.0,0.0,20.351666666666667,82.08333333333333,33.23166666666666
2018-07-10 06:00:00,0.8296819782690147,0.8308031688488788,0.82064315463834,0.8204254372019079,0.7697167081843928,0.8489390658174097,0.7636129926854544,28.0,38.745,288.8,0.0,0.0,22.401666666666667,77.08333333333333,160.28333333333333
2018-07-10 07:00:00,0.8285187101910828,0.8297793312608225,0.8199923933956437,0.8195977707006369,0.7691006634819533,0.8486528927813164,0.7633348359037194,28.0,38.74846470276009,288.8,0.0,0.0,24.76833333333333,77.43333333333334,331.96666666666664
2018-07-10 08:00:00,0.836443313620852,0.8368872861254485,0.8199305705480677,0.8188,0.7682159250858202,0.8483093843562558,0.7630360934182591,27.983864118895966,38.761060983232035,291.2,2.3999999999999773,1.0,26.28333333333333,68.58833333333334,498.46666666666664
2018-07-10 09:00:00,0.8731275773440256,0.8761675010716975,0.8627737238618093,0.8445356120826709,0.7984970541746487,0.8486183084989004,0.7628678878953888,27.600000000000005,38.765,303.6,12.400000000000034,1.0,28.526666666666667,49.928333333333335,649.6333333333333
2018-07-10 10:00:00,0.8748776083540593,0.8752518083957238,0.8656357691352151,0.8647,0.8364020889341767,0.8588075668476923,0.763956609055001,27.43720190779014,38.76572983014862,319.0,15.399999999999977,1.0,30.515,40.46,767.8333333333334
2018-07-10 11:00:00,0.8778067216330249,0.8769736869618071,0.866161332779691,0.8639047846889952,0.8364423595661611,0.8650133853621701,0.7690694226458348,27.399999999999995,38.76415111240633,331.8,12.800000000000011,1.0,32.365,34.64833333333333,839.0
2018-07-10 12:00:00,0.8697368666551536,0.8613300956683835,0.8514277531432325,0.8459859872611465,0.812095224919324,0.8628875124019274,0.7721147699759919,27.399999999999995,38.75147226645435,331.8,0.0,0.0,33.85,34.291666666666664,860.0
2018-07-10 13:00:00,0.8641343287832767,0.8526994212470657,0.8414633305000759,0.8382891719745222,0.8000535225498004,0.8609251710496558,0.7721,27.501435406698565,38.74077823576022,331.8,0.0,0.0,33.296666666666674,46.123333333333335,828.3333333333334
2018-07-10 14:00:00,0.8590852770497466,0.848748176789687,0.8356405868101057,0.8338540669856459,0.7940038782901087,0.8597420929458853,0.7718025306281047,27.600000000000005,38.7346199422993,331.8,0.0,0.0,32.934999999999995,47.24,752.1333333333333
2018-07-10 15:00:00,0.8561416194295863,0.8461164165071492,0.831856891770694,0.8305720894371627,0.7898693913409911,0.8588636566784383,0.7715939090208171,27.600000000000005,38.733101114649685,331.8,0.0,0.0,32.65333333333333,48.36666666666667,636.7333333333333
2018-07-10 16:00:00,0.853059836901426,0.8437123166730792,0.8292294417891036,0.8279,0.7864419774663327,0.8580711539416553,0.7713766314043258,27.741312335958003,38.7325,331.8,0.0,0.0,31.67833333333333,49.43833333333333,484.43333333333334
2018-07-10 17:00:00,0.8506965758953994,0.8414507136692735,0.8270100426083774,0.8261426307448494,0.783392152164376,0.8574501903923651,0.7710612503353304,28.0,38.732202192287374,331.8,0.0,0.0,30.751666666666665,49.98166666666666,315.25
2018-07-10 18:00:00,0.8487907454000214,0.8397645877265192,0.8253518867386234,0.8247473601260835,0.7809524924487615,0.8567839630776414,0.770781170886076,28.0,38.73192535669062,331.8,0.0,0.0,29.56833333333333,50.56666666666666,150.41166666666666
2018-07-10 19:00:00,0.8469702902275871,0.8384270465480679,0.8241271182260138,0.8236789808917198,0.7789040783419826,0.8561560242309932,0.7704082833826463,28.07310969116081,38.73115063593005,331.8,0.0,0.0,27.069999999999997,67.13333333333333,25.58666666666667
2018-07-10 20:00:00,0.8450493206815534,0.837702946748748,0.82332580502477,0.8230333333333333,0.7772245892730766,0.8557023885350318,0.7699373015873016,28.2,38.73,331.8,0.0,0.0,25.083333333333332,78.43333333333334,0.27
2018-07-10 21:00:00,0.8431945389422769,0.8367506958971355,0.8230348494898045,0.823,0.776314746507368,0.8550638814392669,0.7693683789708543,28.2,38.731106024416135,331.8,0.0,0.0,24.08666666666667,84.38333333333333,0.0
2018-07-10 22:00:00,0.8413430378477615,0.8361243453391746,0.823,0.823,0.7756670228583773,0.8546225722181555,0.7687977897239916,28.278826666666664,38.733051353503186,331.8,0.0,0.0,23.521666666666665,85.68333333333334,0.0
2018-07-10 23:00:00,0.8396186009438651,0.8355257988867079,0.8228427776877664,0.8227,0.7750681050195943,0.8540425702638954,0.7683551822838027,28.399999999999995,38.73936492224709,331.8,0.0,0.0,23.39333333333333,85.13333333333334,0.0
2018-07-11 00:00:00,0.8383497684556814,0.8353152380184188,0.8226651688218755,0.822543879173291,0.7744818827444905,0.8536419605605926,0.767835537116445,28.399999999999995,38.74311305732484,331.8,0.0,0.0,23.005,85.36666666666666,0.0
2018-07-11 01:00:00,0.8367896099207578,0.8343998876751092,0.822494824375163,0.8223,0.7740451501036641,0.8531651534622117,0.7673723015873016,28.399999999999995,38.7494360403397,331.8,0.0,0.0,22.231666666666666,84.81666666666666,0.0
2018-07-11 02:00:00,0.8352908279948795,0.8336121763389467,0.8221276000054006,0.8219624203821656,0.7736992790936309,0.8528449104309878,0.7669055423632699,28.399999999999995,38.75,331.8,0.0,0.0,21.37166666666667,85.8,0.0
2018-07-11 03:00:00,0.8344016052676881,0.8327774238082218,0.8216176059208328,0.8213253184713376,0.7731176486199575,0.8523677310225174,0.7665982511923688,28.399999999999995,38.75,331.8,0.0,0.0,20.963333333333335,86.68333333333334,0.0
2018-07-11 04:00:00,0.8333815950920246,0.8318484662576687,0.8209754601226994,0.8207376438960502,0.772503680981595,0.85190245398773,0.76630245398773,28.371779141104295,38.75317484662576,331.8,0.0,0.0,20.833333333333332,88.78333333333332,0.3683333333333334
2018-07-11 05:00:00,,,,,,,,,,331.8,0.0,0.0,20.801666666666666,89.51666666666667,23.09166666666667
2018-07-11 06:00:00,,,,,,,,,,331.8,0.0,0.0,22.501666666666665,86.75,136.05666666666667
2018-07-11 07:00:00,,,,,,,,,,331.8,0.0,0.0,25.021666666666665,79.68333333333334,310.18333333333334
2018-07-11 08:00:00,0.8367317659665812,0.8336518504578438,0.8186131474961673,0.8183,0.7702322800182975,0.8505062841821419,0.7650507291666666,28.2,38.77636762519914,333.8,2.0,1.0,26.746666666666666,70.43499999999999,481.3666666666666
2018-07-11 09:00:00,0.8673225277544311,0.8698390776735896,0.8476273246551159,0.8213363057324841,0.7736722773822905,0.8501651383586659,0.764769364981317,28.2,38.77677917274244,348.8,15.0,1.0,28.838333333333335,57.915,632.35
2018-07-11 10:00:00,0.8678842622080679,0.8694390392781317,0.8636269373673037,0.8628813694267516,0.8147794585987261,0.8522589171974522,0.7654421974522293,28.06427813163482,38.777131767515925,361.6,12.800000000000011,1.0,30.584999999999997,52.04333333333333,741.8333333333334
2018-07-11 11:00:00,0.8717302547347426,0.8710325523928524,0.8638816835806947,0.861984076433121,0.8327084637440446,0.8611272651083413,0.7685540681284856,28.0,38.77654060509554,376.4,14.799999999999955,1.0,31.786666666666665,51.446666666666665,805.1666666666666
2018-07-11 12:00:00,0.8679249782860451,0.8611872827334693,0.8518242939790124,0.8471454545454545,0.8159549949715053,0.8631886124909842,0.7717594501417121,28.0,38.765347908984246,376.4,0.0,0.0,32.015,51.36666666666667,842.6666666666666
2018-07-11 13:00:00,0.864028414370663,0.8528483149654904,0.8425536872010881,0.839766028708134,0.8037690647086069,0.8619425448938777,0.7722773354564755,28.0,38.75187234607219,376.4,0.0,0.0,31.91,49.59,825.5
2018-07-11 14:00:00,0.8597155917624112,0.8490256170064711,0.836353668896474,0.8345675159235669,0.7968727506374506,0.8610500796178343,0.772352627388535,28.0,38.745008044321864,376.4,0.0,0.0,31.588333333333335,50.215,756.7833333333333
2018-07-11 15:00:00,0.8567920990410305,0.8464616967529807,0.8321906224497743,0.8307169059011165,0.7918157363528006,0.8603814072251175,0.7722651804670914,28.15812101910828,38.73526515151515,376.4,0.0,0.0,30.945000000000004,52.445,619.4833333333333
2018-07-11 16:00:00,0.8539479455551153,0.8441948056664533,0.8292136842359228,0.8283097133757962,0.7878190451701054,0.8599313163481953,0.772115923566879,28.2,38.735,376.4,0.0,0.0,30.398333333333337,53.949999999999996,477.1666666666667
2018-07-11 17:00:00,0.8517776539278131,0.842300623609545,0.8271478856195208,0.8264824840764331,0.7848260526823719,0.8594174186552078,0.7720640127388535,28.2,38.735,376.4,0.0,0.0,29.30333333333333,57.83833333333333,303.45
2018-07-11 18:00:00,0.8504543841448342,0.8406714514826441,0.8256243365180467,0.825146178343949,0.7825561091979129,0.8588099308539637,0.7718093152866242,28.364861995753714,38.735,376.4,0.0,0.0,27.868333333333336,64.24666666666667,141.48666666666665
2018-07-11 19:00:00,0.8492300643037821,0.8396886557495843,0.8248143312101911,0.8246,0.7809216851722048,0.8583665605095541,0.7713923566878981,28.399999999999995,38.735,376.4,0.0,0.0,26.27,71.46666666666667,26.715
2018-07-11 20:00:00,0.8475814566343796,0.8389809858690663,0.8243831771822484,0.8242472089314195,0.7798286233521945,0.8576893196071681,0.7710409650424123,28.399999999999995,38.735,376.4,0.0,0.0,24.521666666666665,79.05,0.26666666666666666
2018-07-11 21:00:00,0.8458711072068695,0.8385617834394905,0.8240718254972844,0.8239,0.779193736730361,0.8572966029723991,0.7704937367303609,28.50339702760085,38.735,376.4,0.0,0.0,23.34,85.7,0.0
2018-07-11 22:00:00,0.8440289278131635,0.8380238701187137,0.8238651804670912,0.8237515923566879,0.7788071012188659,0.8568980265156502,0.770049033278314,28.600000000000005,38.7357258492569,376.4,0.0,0.0,22.81,89.16666666666667,0.0
2018-07-11 23:00:00,0.8421912629057093,0.837385695329087,0.8237321775954394,0.8236146496815286,0.7779496385159644,0.8563715200953551,0.7696076776466869,28.600000000000005,38.74300145123513,376.4,0.0,0.0,22.31,91.05000000000001,0.0
2018-07-12 00:00:00,0.8407951349239031,0.8368081799314714,0.8234399206349207,0.8232,0.7774457006369427,0.8559773354564756,0.769190249072602,28.600000000000005,38.75024349787686,376.4,0.0,0.0,22.551666666666666,91.14999999999999,0.0
2018-07-12 01:00:00,0.8393684181324449,0.835938296178344,0.8231356157112527,0.823,0.7770856952025086,0.8555330414012738,0.7688678609341827,28.600000000000005,38.75617369957538,376.4,0.0,0.0,22.33666666666667,89.53333333333335,0.0
2018-07-12 02:00:00,0.8378018434461062,0.8354138759497602,0.8227571717230532,0.8225589171974522,0.776609417351034,0.8550848195329087,0.7684544912559618,28.600000000000005,38.76275635930048,376.4,0.0,0.0,21.981666666666666,88.10000000000001,0.0
2018-07-12 03:00:00,0.8364969308105409,0.8344837786362609,0.8222797032326444,0.822,0.7762073779193206,0.8548131117113741,0.7682524946921444,28.600000000000005,38.765,376.4,0.0,0.0,21.376666666666665,88.5,0.0
2018-07-12 04:00:00,0.8353547611633739,0.8336802665066716,0.8217127715951245,0.8215780604133546,0.7758242979960103,0.8545254815887451,0.7678627388535032,28.600000000000005,38.765,376.4,0.0,0.0,20.971666666666664,88.83333333333333,0.4266666666666667
2018-07-12 05:00:00,0.834051491178327,0.832586785549131,0.8210714437367304,0.8209,0.7752635400105988,0.8541599364069952,0.7675330148619958,28.600000000000005,38.76698534158456,376.4,0.0,0.0,21.016666666666666,88.76666666666667,28.78
2018-07-12 06:00:00,0.8328273660040707,0.8315457536733062,0.8204896810307872,0.820275796178344,0.774663910590058,0.8537777954425013,0.7672641759406466,28.54748277689454,38.77,376.4,0.0,0.0,22.06833333333333,85.13333333333334,152.46666666666667
2018-07-12 07:00:00,0.831625806220233,0.8307258537293382,0.8199867834394904,0.8197,0.7740781847133759,0.8535390047644124,0.767,28.399999999999995,38.77348076556324,376.4,0.0,0.0,24.668333333333333,75.27833333333334,319.18333333333334
2018-07-12 08:00:00,0.8371895071542131,0.8356349184328576,0.8193337396501036,0.8190174880763116,0.7732618270668571,0.853165871754107,0.7667392686804452,28.399999999999995,38.78,377.2,0.8000000000000114,1.0,26.948333333333334,65.21333333333332,486.75
2018-07-12 09:00:00,0.8686744957537155,0.8710274150743099,0.8589548036093418,0.8415958598726114,0.8089368365180466,0.8551037951167727,0.7665955414012738,28.341135881104034,38.77752322186837,392.6,15.400000000000034,1.0,28.885,56.23833333333334,635.6999999999999
2018-07-12 10:00:00,0.8661230011311899,0.8664132009843638,0.8600406522064058,0.8586,0.8341629008843953,0.8670955147351481,0.7691836902370056,28.115204678362574,38.77812466878644,408.6,16.0,1.0,30.44333333333333,49.751666666666665,757.5
2018-07-12 11:00:00,0.8669119056386866,0.8668877298800949,0.8579419530961645,0.8563735668789809,0.8203480330881732,0.8671463375796179,0.774552910220204,28.0,38.77707120547581,422.2,13.599999999999966,1.0,32.36166666666667,43.651666666666664,835.0
2018-07-12 12:00:00,0.8618144335578378,0.854059504786382,0.8452106072034459,0.840702711323764,0.8054006244984203,0.8655530973919551,0.7763979869089827,28.0,38.76454211068107,422.2,0.0,0.0,33.449999999999996,39.85166666666667,858.5
2018-07-12 13:00:00,0.8577562496825445,0.847022963761818,0.8361887467575935,0.8334057416267943,0.7935731748544703,0.8637844967942426,0.7763,28.161252653927814,38.75117709380029,422.2,0.0,0.0,33.468333333333334,43.98500000000001,829.1666666666666
2018-07-12 14:00:00,0.8544205896545068,0.8435535284118423,0.8307826807295212,0.8293417862838915,0.7866436807735416,0.8627229847079579,0.7760060034217467,28.2,38.74205482477304,422.2,0.0,0.0,32.645,45.615,747.0333333333333
2018-07-12 15:00:00,0.850833963598912,0.8413079827736564,0.8278949737612665,0.8269354066985646,0.7815703789276601,0.8617867132183382,0.7758348195329088,28.2,38.73608669772651,422.2,0.0,0.0,31.56,50.60333333333333,630.7833333333333
2018-07-12 16:00:00,0.8478275598340089,0.8394106470758541,0.8256552403011002,0.8249270700636943,0.7773453194364023,0.8609379559930516,0.7755350125458406,28.228821656050954,38.73081740976645,422.2,0.0,0.0,30.338333333333335,57.49166666666667,476.5
2018-07-12 17:00:00,0.8461130042462846,0.8377786889596602,0.8241165074309978,0.8235805732484076,0.7743678343949044,0.8603716825902336,0.7753174097664544,28.399999999999995,38.73,422.2,0.0,0.0,29.511666666666667,59.72,302.84999999999997
2018-07-12 18:00:00,0.845411394169964,0.837171545208624,0.8228072697883673,0.8224338658146965,0.7720031661202759,0.859708906098926,0.774930713925296,28.399999999999995,38.73,422.2,0.0,0.0,28.326666666666664,65.10666666666667,138.57333333333332
2018-07-12 19:00:00,0.844982446885388,0.8367704443816977,0.8219268565497667,0.8216,0.7703840072381896,0.8590550645774634,0.7744564130975896,28.43694843168527,38.73,422.2,0.0,0.0,26.638333333333332,72.84666666666668,25.295
2018-07-12 20:00:00,0.8440849258820884,0.8366030201306022,0.8213675444233911,0.8211320634920636,0.7692875126750947,0.8583422486772486,0.7739422486772488,28.600000000000005,38.73,422.2,0.0,0.0,25.448333333333334,79.18333333333334,0.23666666666666666
2018-07-12 21:00:00,0.8429200603907118,0.8366569002123142,0.8211430997876858,0.8211,0.7687251795528195,0.8576901781814118,0.7734907391842948,28.600000000000005,38.730219263381024,422.2,0.0,0.0,25.066666666666666,82.21666666666667,0.0
2018-07-12 22:00:00,0.8418569301848682,0.8365869238309211,0.821091507430998,0.8210490445859873,0.7683998796002017,0.8570740834218579,0.7728780828784144,28.600000000000005,38.739127895133514,422.2,0.0,0.0,25.0,82.10000000000001,0.0
2018-07-12 23:00:00,0.84070323302475,0.8362917862838916,0.8207962579617835,0.8206,0.7681056968733438,0.8564571632989589,0.7723843141058312,28.600000000000005,38.75149337797391,422.2,0.0,0.0,24.036666666666665,86.30000000000001,0.0
2018-07-13 00:00:00,0.8396500489918427,0.8356051888718993,0.8200986464968153,0.8199,0.7678065286624204,0.8559380339138197,0.7718837837837839,28.99596602972399,38.75953954352442,422.2,0.0,0.0,23.981666666666666,87.28333333333335,0.0
2018-07-13 01:00:00,0.8391327137319036,0.8351933929011439,0.8197458598726115,0.8197,0.7675732944821929,0.85531653418124,0.7714807101218866,29.0,38.76447369425908,422.2,0.0,0.0,23.69666666666667,88.76666666666667,0.0
2018-07-13 02:00:00,0.8380982867699713,0.8343242260640986,0.8192966841513676,0.8191656050955414,0.7672143499437992,0.8549142446817984,0.7711013328050874,29.0,38.771126849324304,422.2,0.0,0.0,23.515,89.06666666666666,0.0
2018-07-13 03:00:00,0.837032108128393,0.8336773471233906,0.8188639682539681,0.8188,0.7668498555595707,0.8544339735533854,0.7706351380042463,29.0,38.77375996810208,422.2,0.0,0.0,23.39833333333333,89.63333333333333,0.0
2018-07-13 04:00:00,0.8358348887071866,0.8331833218512051,0.8185770995487794,0.818348012718601,0.7661739460657735,0.8540992337498662,0.770311949783812,28.81900212314225,38.77613123673036,422.2,0.0,0.0,23.381666666666664,88.26666666666667,0.13833333333333334
2018-07-13 05:00:00,0.8347309681767353,0.832352905231812,0.8182503753858231,0.8179957142857143,0.7658025758711128,0.8536793162144641,0.7699677651400263,28.600000000000005,38.77938725490196,422.2,0.0,0.0,23.441666666666666,84.26666666666667,17.146666666666665
2018-07-13 06:00:00,0.8338253684357011,0.8316912377848178,0.8175820349761526,0.817377106518283,0.7653149855865724,0.853414980092826,0.7694626963144687,28.600000000000005,38.78224072792184,422.2,0.0,0.0,23.94333333333333,82.46666666666667,111.45666666666666
2018-07-13 07:00:00,0.8329988841657051,0.8306973078455,0.8170117670946652,0.8167398089171974,0.7647881957140462,0.8530071460536166,0.7691686804451511,28.600000000000005,38.785,422.2,0.0,0.0,25.94333333333333,69.77,267.76666666666665
2018-07-13 08:00:00,0.8423207936838409,0.8374763655884876,0.8182367780644468,0.8159117834394904,0.7639363548860407,0.8525644709527812,0.7688641589791364,28.600000000000005,38.784343152866235,424.0,1.8000000000000114,1.0,28.221666666666664,58.788333333333334,432.5833333333333
2018-07-13 09:00:00,0.8718970338960771,0.8729815188815714,0.8598649360988917,0.8489429936305732,0.8118888478241822,0.8565340497499353,0.768881781961985,28.521993670886076,38.7825,439.0,15.0,1.0,29.915000000000003,50.74,569.2833333333333
2018-07-13 10:00:00,0.8690926974624507,0.8678680397013591,0.859359721264903,0.8584431538461539,0.8303526324981263,0.8663961242062882,0.77165547712718,28.399999999999995,38.7825,451.8,12.800000000000011,1.0,30.688333333333333,48.718333333333334,675.0500000000001
2018-07-13 11:00:00,0.8688042357090254,0.8669445736383493,0.8589224411559618,0.8550859872611465,0.8288165116888072,0.8690802678784291,0.7775899814227177,28.399999999999995,38.78059014867922,466.4,14.599999999999966,1.0,30.676666666666666,54.428333333333335,749.1666666666666
2018-07-13 12:00:00,0.8586142250530786,0.8512940552016985,0.8428339702760085,0.8381751592356688,0.8020144373673036,0.8658004246284502,0.779771762208068,28.399999999999995,38.768110403397024,466.4,0.0,0.0,31.28,53.50333333333334,717.1999999999999
2018-07-13 13:00:00,0.8512611464968153,0.8432546709129513,0.8339570063694267,0.8314509554140128,0.7906591295116773,0.8635852441613588,0.7793307855626327,28.431634819532906,38.76243365180468,466.4,0.0,0.0,31.983333333333334,48.26666666666667,742.6666666666666
2018-07-13 14:00:00,0.8479235343368164,0.8396102333216421,0.8289032414511994,0.8274225755166932,0.7848875591504854,0.8623065564252901,0.7790076047095155,28.600000000000005,38.75220158405621,466.4,0.0,0.0,31.849999999999998,44.67333333333334,685.8333333333334
2018-07-13 15:00:00,0.8454093732472319,0.8373433545355641,0.8260104387340789,0.8248925278219396,0.7806650468899005,0.8612677085132248,0.7786217311541591,28.600000000000005,38.74143472329111,466.4,0.0,0.0,30.668333333333333,53.72166666666667,582.8833333333333
2018-07-13 16:00:00,0.8432240316128755,0.8355560769614612,0.8239336974506304,0.8231701112877584,0.7769994787127995,0.8603953178109359,0.7783179524503897,28.600000000000005,38.73569731953291,466.4,0.0,0.0,29.81,56.205000000000005,439.7166666666667
2018-07-13 17:00:00,0.8412343132125817,0.8342213203100397,0.8223841008983567,0.8218232854864433,0.7741819253547882,0.8600457592180607,0.7779763679368271,28.600000000000005,38.735,466.4,0.0,0.0,29.421666666666667,53.589999999999996,281.6666666666667
2018-07-13 18:00:00,0.8398747086930979,0.8331496140430694,0.8212068189412927,0.8207157142857142,0.771701608552767,0.8595452607154068,0.7775791052471943,28.600000000000005,38.735,466.4,0.0,0.0,28.323333333333334,61.37166666666667,128.23166666666665
2018-07-13 19:00:00,0.8386847118401096,0.8324923179160022,0.8203503414037129,0.8200949044585988,0.7696233031261833,0.8588937016625992,0.7769445785257388,28.600000000000005,38.735,466.4,0.0,0.0,26.903333333333332,69.04333333333334,23.831666666666667
2018-07-13 20:00:00,0.8375874618339906,0.8319624203821655,0.8192931688740606,0.818984076433121,0.7681003599231625,0.8581552293330637,0.776481715532639,28.884021164021163,38.735,466.4,0.0,0.0,25.75,74.33333333333333,0.2333333333333333
2018-07-13 21:00:00,0.8361035613264071,0.8315488076311607,0.8187954605176552,0.818556847133758,0.7672903150621585,0.8577201963906581,0.7757661624203821,29.0,38.736545912951165,466.4,0.0,0.0,25.044999999999998,79.08333333333333,0.0
2018-07-13 22:00:00,0.8347128218467624,0.8310712314225053,0.8184123476417594,0.8183,0.7667106246561285,0.8571976496916549,0.7751595482331338,29.0,38.747880912478614,466.4,0.0,0.0,24.439999999999998,80.96666666666667,0.0
2018-07-13 23:00:00,0.833558387002589,0.8304331872012577,0.8182213249823383,0.8181,0.7662078679401677,0.856742171822822,0.7746859663335122,29.0,38.75969012409507,466.4,0.0,0.0,24.26,80.95,0.0
2018-07-14 00:00:00,0.8325782928925286,0.8298956665992653,0.8177343683651804,0.8176,0.7657304670912951,0.8562827685100934,0.7740868365180468,29.0,38.76598195329087,466.4,0.0,0.0,23.885,82.08333333333333,0.0
2018-07-14 01:00:00,0.8313437902613252,0.8292802452128677,0.8173145675321257,0.8171,0.76529707614868,0.8557440314954987,0.7736421137386683,29.0,38.77187035796889,466.4,0.0,0.0,23.21166666666667,83.88333333333334,0.0
2018-07-14 02:00:00,0.8300677838479169,0.8284303904691503,0.8167754968625426,0.8165278219395866,0.7648555201698514,0.8553032387201739,0.7731858280254778,29.0,38.775,466.4,0.0,0.0,22.506666666666664,84.7,0.0
2018-07-14 03:00:00,0.8288213271579935,0.8280587155158156,0.8162986910102309,0.816,0.7643458067940552,0.8548780785562632,0.7728154989384289,29.0,38.77724190552018,466.4,0.0,0.0,22.116666666666664,85.88333333333333,0.0
2018-07-14 04:00:00,0.8276916775524118,0.8271034324273693,0.8156004682136239,0.8152348171701114,0.7638152005930622,0.8544358746907267,0.7723150416105503,29.0,38.7775,466.4,0.0,0.0,21.83666666666667,85.53333333333335,0.385
2018-07-14 05:00:00,0.826669435738661,0.8264577555027864,0.8151969342703512,0.8150410828025477,0.7632921038685745,0.8539921038685745,0.7720446788114455,28.750079491255963,38.77931770005299,466.4,0.0,0.0,21.963333333333335,85.35000000000001,26.136666666666667
2018-07-14 06:00:00,0.8256483093762551,0.8254915430839231,0.8148147292993629,0.8145,0.7626927662957074,0.853601810704485,0.7716798458865384,28.600000000000005,38.782642648619955,466.4,0.0,0.0,23.796666666666667,80.45,142.2
2018-07-14 07:00:00,0.8245595411869343,0.8245421709129511,0.8141061042449343,0.8137856687898088,0.7621757854191772,0.8532150771790898,0.7713279723991507,28.600000000000005,38.78813694267516,466.4,0.0,0.0,25.983333333333334,73.03333333333333,308.3833333333333
2018-07-14 08:00:00,0.8316239376029185,0.8289469737832795,0.8139908210639196,0.812930303030303,0.7611782676900137,0.8528111850994017,0.7710553413950754,28.600000000000005,38.792165474297825,467.6,1.2000000000000457,1.0,27.636666666666667,66.85833333333333,479.29999999999995
2018-07-14 09:00:00,0.8624278935543129,0.8671416556089201,0.8542113923561421,0.8429515923566879,0.7928420356341183,0.8527459295751353,0.7708652160221051,28.44288747346072,38.79,482.2,14.599999999999966,1.0,29.135,58.62833333333333,632.7666666666667
2018-07-14 10:00:00,0.8605434152537782,0.864760796406912,0.8552318328270977,0.8545460925039873,0.8165287676462919,0.8571330088515053,0.7715389709617124,28.3562101910828,38.790547372611464,498.0,15.800000000000011,1.0,30.848333333333333,51.333333333333336,754.1666666666666
2018-07-14 11:00:00,0.8624394121401747,0.8643233113061557,0.8548821504095598,0.8534741626794259,0.8223374659687726,0.8650704409583599,0.7761675601133696,28.2,38.79162752123142,511.8,13.800000000000013,1.0,32.623333333333335,45.215,830.3333333333334
2018-07-14 12:00:00,0.8572380313358189,0.8498821204417627,0.8418387167433639,0.8373114649681528,0.8037863932655419,0.8652325579377415,0.7796550549070999,28.2,38.782800061036106,511.8,0.0,0.0,33.52166666666667,41.483333333333334,780.8333333333334
2018-07-14 13:00:00,0.8522489353813021,0.8427380287538475,0.8328561759058909,0.8301305732484077,0.7908087179623929,0.8634554082985403,0.7794645700636943,28.28545647558386,38.770419580907976,511.8,0.0,0.0,34.178333333333335,44.51333333333334,821.8333333333334
2018-07-14 14:00:00,0.8488007508880288,0.8391685399926181,0.8270948145128795,0.8252165605095542,0.7833202553527228,0.8623301039645533,0.7791886062265294,28.399999999999995,38.76047505307856,511.8,0.0,0.0,34.60166666666667,41.38,750.15
2018-07-14 15:00:00,0.8457279822520806,0.8361497129879454,0.8230581620020555,0.8216412420382165,0.777955703975464,0.8613897494895316,0.7790338173894492,28.399999999999995,38.75569665605096,511.8,0.0,0.0,33.96,41.586666666666666,631.7833333333333
2018-07-14 16:00:00,0.8422676242393766,0.8336703824195695,0.8199962760779095,0.8188646496815286,0.7737832100759522,0.8605685219611469,0.7786051036682616,28.457377919320592,38.752542530568846,511.8,0.0,0.0,33.12166666666667,44.30166666666667,476.2
2018-07-14 17:00:00,0.8394138511328505,0.8312352359075165,0.8175246853804556,0.8168175159235669,0.7705714378108947,0.8597987549819347,0.7784470494417862,28.600000000000005,38.7525,511.8,0.0,0.0,32.251666666666665,47.708333333333336,307.68333333333334
2018-07-14 18:00:00,0.8374519121825023,0.8294381648364301,0.8158976645435244,0.8154560509554141,0.7680843431803791,0.85908266985138,0.7781093683651804,28.600000000000005,38.7525,511.8,0.0,0.0,31.01,50.38,142.16833333333332
2018-07-14 19:00:00,0.8358672870170021,0.8280984401507533,0.8146082578082016,0.8138845786963433,0.7661869933191836,0.8585043785357475,0.7777005878428942,28.6586115527292,38.7525,511.8,0.0,0.0,29.03,56.63333333333333,25.328333333333333
2018-07-14 20:00:00,0.8340378402699472,0.8272788699939387,0.8135850318471337,0.8134595541401274,0.7648680597882952,0.8578922239915073,0.7771397027600849,29.0,38.7525,511.8,0.0,0.0,26.676666666666666,69.69,0.25333333333333335
2018-07-14 21:00:00,0.8321309192955727,0.826888436040634,0.8133828298887122,0.8132969793322735,0.7642669063218333,0.8573567569993991,0.7765030232731663,29.0,38.7525,511.8,0.0,0.0,25.455,76.25,0.0
2018-07-14 22:00:00,0.8303283352573255,0.8265152735866251,0.8131,0.8131,0.7639149681528662,0.8567128097796185,0.7760128097796185,29.0,38.75654115993101,511.8,0.0,0.0,24.641666666666666,78.39999999999999,0.0
2018-07-14 23:00:00,0.8289566613588111,0.8259972048950411,0.8129339058897789,0.8127,0.7635329087048831,0.8561552632578251,0.7753937017103277,29.096449390567034,38.767770771309905,511.8,0.0,0.0,23.875,80.78333333333335,0.0
2018-07-15 00:00:00,0.827561279193206,0.8253460721868365,0.812576804670913,0.8124,0.7632986692809333,0.8556508871460445,0.7748987261146497,29.2,38.774251592356684,511.8,0.0,0.0,22.996666666666666,82.75,0.0
2018-07-15 01:00:00,0.8261855879905758,0.8245599876712606,0.812286677282378,0.8122,0.7630564755838641,0.8552033274938483,0.7744081740976645,29.2,38.77891653397028,511.8,0.0,0.0,22.61,84.21666666666665,0.0
2018-07-15 02:00:00,0.8250741442660018,0.8240052260790947,0.8118695710931988,0.8117,0.7626657628920787,0.854657022398119,0.7740435710175942,29.2,38.7826027121267,511.8,0.0,0.0,22.271666666666665,84.38333333333333,0.0
2018-07-15 03:00:00,0.8239318103554892,0.8230268255563544,0.8115125117717943,0.8113556438791734,0.7623365711252653,0.8542191730629757,0.7735839172367515,29.2,38.785300741918384,511.8,0.0,0.0,22.006666666666664,83.25,0.0
2018-07-15 04:00:00,0.8224461823121016,0.8223043986417419,0.8110218936386743,0.8107112877583466,0.7619666149402992,0.8538317965023848,0.7732605131806936,29.2,38.7875,511.8,0.0,0.0,22.27,80.56666666666666,0.285
2018-07-15 05:00:00,0.8213185937811173,0.8216070280987244,0.8105391891891891,0.8103,0.7615418632851659,0.8534677930881425,0.7728549363057325,29.054936305732483,38.79112678855326,511.8,0.0,0.0,22.14333333333333,78.83333333333333,21.831666666666663
2018-07-15 06:00:00,0.8204030988931982,0.8209680691135123,0.8100992038216561,0.8099,0.7611340710324411,0.8531077329296325,0.7726291467938525,29.0,38.7925,511.8,0.0,0.0,23.19666666666667,72.39333333333333,124.43333333333334
2018-07-15 07:00:00,0.8193474570725794,0.820194835802002,0.8094474137827552,0.8090131537242472,0.7607434682375113,0.8527039212732778,0.772178554828714,29.0,38.796070482246954,511.8,0.0,0.0,25.581666666666667,60.31166666666667,285.5833333333333
2018-07-15 08:00:00,0.8271415605095541,0.8261359828588967,0.8092653795116772,0.8085,0.7597434713375796,0.8522847929936305,0.7716964968152866,29.0,38.7975,514.2,2.400000000000034,1.0,28.42,49.300000000000004,450.55
2018-07-15 09:00:00,0.860250470462764,0.8629574207348668,0.849472546644086,0.8271734076433122,0.7905813175408708,0.8525032335073753,0.7715460658579149,28.715817409766455,38.795723858811044,530.0,15.799999999999955,1.0,30.659999999999997,41.14,601.65
2018-07-15 10:00:00,0.8595507965582302,0.8602248458955387,0.8527979391815768,0.8516688667992047,0.820772284622921,0.8608315175110287,0.7730887663601199,28.468674062334916,38.796641574220814,538.0,8.0,1.0,32.655,35.71666666666666,719.6999999999999
2018-07-15 11:00:00,0.8590748316576127,0.8599301451914384,0.8517566017493309,0.8497273885350318,0.8176961025760902,0.8645509410897314,0.7770825664764313,28.399999999999995,38.7975,556.8,18.799999999999955,1.0,34.79,29.518333333333334,795.6666666666666
2018-07-15 12:00:00,0.8523203106323036,0.8469374015888013,0.838848610349218,0.8335304625199362,0.7998936530914239,0.864634884971065,0.7798018833575447,28.399999999999995,38.78986314388437,556.8,0.0,0.0,35.88833333333333,27.865,795.5333333333333
2018-07-15 13:00:00,0.8461676915399384,0.8380891858155812,0.8289997168297117,0.8255933121019108,0.7861937189528541,0.86285519915887,0.7799650212314225,28.399999999999995,38.77334988863662,556.8,0.0,0.0,32.85166666666667,43.14166666666667,523.35
2018-07-15 14:00:00,0.8423998717903135,0.833268543929066,0.8215330135921738,0.8191828025477706,0.7781271010896765,0.8618237526539279,0.7797491149341217,28.399999999999995,38.75881891429379,556.8,0.0,0.0,31.613333333333333,45.18833333333333,630.4333333333334
2018-07-15 15:00:00,0.8382095709017768,0.8294506155250122,0.8167355328342086,0.8153689490445859,0.7730865729876708,0.8609208864118897,0.7794141421760346,28.520169851380043,38.75,556.8,0.0,0.0,32.29,40.33,458.8
2018-07-15 16:00:00,0.8342374733760671,0.8262349190022924,0.8132957071976893,0.8118964968152866,0.7689999999576727,0.860080049065919,0.7790583333333334,28.600000000000005,38.75,556.8,0.0,0.0,32.00333333333334,37.446666666666665,373.51666666666665
2018-07-15 17:00:00,0.8308262196639543,0.8230580660358191,0.810530864418574,0.8096294585987261,0.765585746883857,0.8592585710439967,0.7788529458598726,28.600000000000005,38.75,556.8,0.0,0.0,30.49666666666667,39.33166666666667,95.91666666666667
2018-07-15 18:00:00,0.8280622736754064,0.8206665387532719,0.8088507290894191,0.8082,0.7629464750590044,0.8585348914048293,0.7783809573272111,28.600000000000005,38.75,556.8,0.0,0.0,28.558333333333334,55.72,53.31
2018-07-15 19:00:00,0.8257331210191082,0.8192912951167729,0.8075295116772824,0.8073904458598726,0.7614377919320594,0.8578558386411889,0.7778874734607218,28.97537154989384,38.75,556.8,0.0,0.0,26.296666666666667,71.10666666666667,11.098333333333334
2018-07-15 20:00:00,0.824113326557168,0.8184832802547771,0.807084076433121,0.807,0.760552931472124,0.8572514331210191,0.7772658704883227,29.0,38.75203010288295,556.8,0.0,0.0,25.386666666666667,76.96666666666665,0.14666666666666664
2018-07-15 21:00:00,0.8223749690143264,0.8179338026740504,0.8069011677282378,0.8068,0.7601039877269552,0.8566174968524164,0.7766987753837401,29.0,38.770390849087484,556.8,0.0,0.0,25.101666666666663,77.05,0.0
2018-07-15 22:00:00,0.8210965517503266,0.8173364649681529,0.8068,0.8068,0.7597406581740977,0.8559861464968153,0.776186148353299,29.0,38.784160443227044,556.8,0.0,0.0,25.17833333333333,76.16666666666667,0.0
2018-07-15 23:00:00,0.8199193755146594,0.8167911574267701,0.8066148383677795,0.8066,0.7594976658788339,0.8554165094339622,0.7756517250530787,29.0,38.791822863583995,556.8,0.0,0.0,25.626666666666665,65.08500000000001,0.0
2018-07-16 00:00:00,0.8191735657054555,0.8161198019379413,0.806265221455624,0.8061,0.7591288263816458,0.8549394819307853,0.7750878643349232,29.0,38.79808642761816,556.8,0.0,0.0,28.36,29.18166666666667,0.0
2018-07-16 01:00:00,0.8180484636331723,0.8157917197452229,0.8059306794055202,0.8056668789808917,0.7587089030206678,0.8544436836518047,0.7746436476613369,29.0,38.803260350318475,556.8,0.0,0.0,27.86333333333333,30.849999999999998,0.0
2018-07-16 02:00:00,0.8162780258291272,0.8149408651975341,0.8054269586157932,0.8052,0.7580754496384121,0.8540009819532909,0.7742785949987763,29.0,38.805,556.8,0.0,0.0,26.988333333333333,34.25666666666667,0.0
2018-07-16 03:00:00,0.8146965788381112,0.8142756147492566,0.8049363124833339,0.8047,0.7575283661424632,0.8536223991507431,0.7738920116772824,29.0,38.805,556.8,0.0,0.0,26.496666666666666,33.6,0.0
2018-07-16 04:00:00,0.8130800472728255,0.8135741507430998,0.8043716029723992,0.8042,0.7568089702760085,0.8532074840764331,0.7736581773043182,29.0,38.805845316091656,556.8,0.0,0.0,25.793333333333333,33.903333333333336,0.2383333333333333
2018-07-16 05:00:00,0.811471364118896,0.8125546709129511,0.8037116507430998,0.8033595541401274,0.7560569267515924,0.8528373142250532,0.7733022027600849,29.0,38.8075,556.8,0.0,0.0,24.546666666666667,39.160000000000004,30.348333333333333
2018-07-16 06:00:00,0.8102271373219286,0.8113706673534993,0.8030940669969332,0.8029299363057325,0.7553186651124046,0.8523982336635999,0.773037889242746,28.971125265392782,38.8075,556.8,0.0,0.0,24.746666666666666,42.416666666666664,164.86666666666665
2018-07-16 07:00:00,0.809020253815074,0.8105722399150744,0.8027070107152863,0.8023507961783439,0.7544742244117478,0.852059972819391,0.7727515452273179,28.600000000000005,38.8075,556.8,0.0,0.0,26.021666666666665,40.79,330.3333333333333
2018-07-16 08:00:00,0.8158685509554141,0.8147485934182591,0.8014674893842887,0.8007517515923567,0.7528677282377919,0.8515551220806795,0.7724582006369426,28.600000000000005,38.8075,557.8,1.0,1.0,27.28833333333333,38.12333333333333,497.9666666666667
2018-07-16 09:00:00,0.8489735205934673,0.8520891522282867,0.8245826567294158,0.8094746815286624,0.7560263435456812,0.8511173764341337,0.7723313990461049,28.474575371549893,38.805496947983016,575.0,17.200000000000045,1.0,28.951666666666664,31.125,651.9333333333333
2018-07-16 10:00:00,0.8493299363057325,0.8516989485874501,0.8465233344592421,0.8435066878980891,0.7766565782278027,0.8562632292164013,0.7736284256409215,28.28349256900212,38.80689128123338,590.8,15.799999999999955,1.0,30.73166666666667,26.88,768.6666666666666
2018-07-16 11:00:00,0.8527331230508234,0.8550363496259951,0.849469085296478,0.847958692185008,0.8029097275554743,0.8632557467907368,0.7783155905772441,28.057537154989387,38.80334176495088,604.2,13.400000000000091,1.0,32.17166666666667,25.223333333333333,842.3333333333334
2018-07-16 12:00:00,0.8469704664817805,0.8446271632686232,0.8379095632828452,0.8333344497607655,0.8000686884771281,0.8631313783155049,0.7808059006084987,28.0,38.790154150032,604.2,0.0,0.0,33.345,21.338333333333335,870.1666666666666
2018-07-16 13:00:00,0.8417944904119979,0.8355028423270587,0.8283269426159009,0.8250063694267515,0.7873129351679721,0.8614889490361205,0.7804960881019379,28.0,38.78037553078556,604.2,0.0,0.0,34.336666666666666,19.12333333333333,848.0
2018-07-16 14:00:00,0.8378288691132059,0.8315924863788416,0.8214207642039454,0.8192896661367249,0.7796253781948915,0.8602304924030788,0.7801103131887976,28.0,38.772336436354834,604.2,0.0,0.0,35.06333333333333,16.8,779.3333333333334
2018-07-16 15:00:00,0.8345959955155603,0.8286746153026026,0.8168339836389834,0.8151889937106919,0.7740180903467904,0.8592438389622248,0.7797818539575858,28.0,38.76299153735831,604.2,0.0,0.0,35.755,16.55,660.8166666666666
2018-07-16 16:00:00,0.8313577763811257,0.8253753916279271,0.8134125675359941,0.8121805732484076,0.7695799699102053,0.8584350296452287,0.7794056376707065,28.0,38.76,604.2,0.0,0.0,35.943333333333335,16.95,504.3333333333333
2018-07-16 17:00:00,0.8284273549694058,0.8227528430466244,0.8106434066613164,0.8097571656050955,0.7660731883027391,0.8576282423632909,0.7790941820992358,28.18991507430998,38.76,604.2,0.0,0.0,33.60166666666667,24.028333333333336,327.0333333333333
2018-07-16 18:00:00,0.8269058446093519,0.8207222150265646,0.8087501549182742,0.8080949044585988,0.7631252507898293,0.8569840027834497,0.778778025477707,28.2,38.76,604.2,0.0,0.0,32.598333333333336,25.951666666666668,161.3
2018-07-16 19:00:00,0.8250280554657842,0.819203283069806,0.8073277717155373,0.8068114649681528,0.7609131414012946,0.8562302211298078,0.7782504168277677,28.2,38.76,604.2,0.0,0.0,30.32166666666667,29.785,28.528333333333332
2018-07-16 20:00:00,0.8234364164609556,0.8185426493768038,0.8067426603073661,0.8066,0.7594207309907336,0.8555870265544675,0.7776122735907517,28.2,38.76,604.2,0.0,0.0,27.959999999999997,36.17,0.21666666666666665
2018-07-16 21:00:00,0.8218826495346331,0.8182819577779784,0.8064229695553552,0.8063,0.758621576433121,0.8548693336742512,0.7768738141985692,28.31809978768577,38.76302614435342,604.2,0.0,0.0,25.626666666666665,42.586666666666666,0.0
2018-07-16 22:00:00,0.8208862695310523,0.8181930732484077,0.8065089714996,0.8063,0.7581909235668789,0.8542007696390659,0.7762922939471881,28.399999999999995,38.777142172263126,604.2,0.0,0.0,23.458333333333332,50.81166666666667,0.0
2018-07-16 23:00:00,0.8194639917268337,0.8178361394928086,0.8065546899841017,0.8063281399046105,0.75786876373376,0.8536229459695739,0.7756650743099788,28.399999999999995,38.786234076433125,604.2,0.0,0.0,22.38333333333333,57.571666666666665,0.0
2018-07-17 00:00:00,0.8178928254922213,0.8175457553188258,0.8063909819195366,0.8063,0.7576149539760818,0.8529859872611465,0.7750599886838881,28.399999999999995,38.789739915074314,604.2,0.0,0.0,21.951666666666668,70.42,0.0
2018-07-17 01:00:00,0.8165914447324808,0.8168255696873343,0.8063637820285628,0.8062348171701114,0.7574348195329087,0.8524767158972386,0.7744961599478835,28.399999999999995,38.79407814720397,604.2,0.0,0.0,22.046666666666667,66.66333333333334,0.0
2018-07-17 02:00:00,0.8155112699951732,0.8159755361018567,0.8059239915074309,0.8059,0.7570644904458598,0.8519800743184174,0.7739515445944258,28.576008492569002,38.80148799698912,604.2,0.0,0.0,21.19333333333333,63.620000000000005,0.0
2018-07-17 03:00:00,0.8141251173591356,0.8152554359742652,0.8055556305249804,0.8054,0.7566428192898781,0.8515390567037627,0.7734994055876783,28.600000000000005,38.805,604.2,0.0,0.0,20.33,67.32,0.0
2018-07-17 04:00:00,0.8128320357525003,0.8143437976145873,0.8054178957432517,0.8052982511923689,0.7560871754107049,0.851026449390567,0.7730571521455888,28.443577494692146,38.805,604.2,0.0,0.0,19.764999999999997,72.94666666666667,0.35333333333333333
2018-07-17 05:00:00,0.8117169502867424,0.8136298792188592,0.8049363172511215,0.8047565977742448,0.7557885762964163,0.850723396926338,0.7727223809234487,28.399999999999995,38.806841162420376,604.2,0.0,0.0,19.596666666666664,76.63333333333334,29.179999999999996
2018-07-17 06:00:00,0.8106921490992679,0.8130208845132131,0.8043718335983042,0.8042,0.7552601367384618,0.8501909350433235,0.7722369899311076,28.399999999999995,38.8113911940228,604.2,0.0,0.0,22.26833333333333,67.76833333333333,159.23333333333335
2018-07-17 07:00:00,0.8097886568125535,0.8123193929351914,0.8038699308413594,0.803632967032967,0.7548323670036363,0.8497845690986159,0.7719323670036363,28.399999999999995,38.819925444191256,604.2,0.0,0.0,25.485,62.07333333333333,318.5833333333333
2018-07-17 08:00:00,0.814427193196659,0.8170705981422324,0.8084436500165055,0.8031987301587302,0.7541579503752959,0.8494245672316424,0.7715608962088166,28.37721681189134,38.82978458049887,604.2,0.0,0.0,27.608333333333334,54.45333333333334,481.5
2018-07-17 09:00:00,0.845943790075577,0.8499449074674127,0.8405831134833314,0.8275662480779088,0.7615142616891174,0.848930563813429,0.7713304379484628,28.237303946694006,38.83,2.8,0.0,0.0,29.75833333333333,43.498333333333335,622.2666666666667
2018-07-17 10:00:00,0.8551205543413639,0.8574803009623073,0.8491292445793116,0.8486143540669857,0.8079813659075308,0.8509133048554604,0.7718924388030489,28.07494692144374,38.83112791932059,22.0,19.200000000000003,1.0,30.935000000000002,39.56166666666667,735.1333333333333
2018-07-17 11:00:00,0.8587000887605521,0.8586097289946059,0.8500873991761395,0.8487874203821656,0.8198884185891769,0.8606690838996739,0.7751080200682656,27.76751592356688,38.8325,37.0,15.0,1.0,31.376666666666665,33.37,813.0
2018-07-17 12:00:00,0.8514448997602576,0.8461966820823048,0.8376651564251296,0.8329749601275916,0.7991372401521079,0.8612471839582551,0.7784617569002122,27.600000000000005,38.825713493889616,37.0,0.0,0.0,31.903333333333332,29.081666666666667,840.1666666666666
2018-07-17 13:00:00,0.8441985994710768,0.8382210032778336,0.8283901301821434,0.8255105263157895,0.7864139484858644,0.8594295740678661,0.7785028662420381,27.600000000000005,38.80639210153834,37.0,0.0,0.0,32.449999999999996,25.304999999999996,814.6666666666666
2018-07-17 14:00:00,0.8409799830775065,0.8345201448358882,0.8221515797431236,0.8202087579617834,0.7791338780446097,0.8582462845010616,0.7783465498938429,27.985350318471337,38.79404923036093,37.0,0.0,0.0,32.37833333333333,26.301666666666666,739.1
2018-07-17 15:00:00,0.837857878737086,0.831763812741901,0.8181278210363779,0.8167535031847134,0.7734518317181198,0.8572816692317069,0.7780286624203822,28.0,38.783339968152866,37.0,0.0,0.0,32.03666666666667,26.973333333333333,625.1833333333333
2018-07-17 16:00:00,0.8348812531957185,0.8290316710941125,0.8153437199263842,0.8142864433811803,0.7688183404612671,0.8565603018112741,0.7776893180040431,28.0,38.7825,37.0,0.0,0.0,31.248333333333335,28.505,476.70000000000005
2018-07-17 17:00:00,0.8318934852632932,0.826832949169875,0.8130155885455291,0.8120949044585988,0.7651619083053126,0.855772586195512,0.7774096455673055,28.06024416135881,38.7825,37.0,0.0,0.0,30.19666666666667,32.050000000000004,309.21666666666664
2018-07-17 18:00:00,0.8298341074582285,0.824668034073964,0.8112923676714203,0.8107006369426751,0.7623280720297689,0.8550332051515733,0.7770542046199415,28.2,38.7825,37.0,0.0,0.0,28.85666666666667,37.596666666666664,142.24166666666667
2018-07-17 19:00:00,0.8278757538718114,0.8233105753273607,0.8102597449541777,0.8099,0.760377215464816,0.8543643919443084,0.7764296595656539,28.2,38.7825,37.0,0.0,0.0,27.058333333333337,47.065,24.408333333333335
2018-07-17 20:00:00,0.8260102948343379,0.8222701712645457,0.8096900836808261,0.8094197138314786,0.7590558572227856,0.8537151725094098,0.7758151725094097,28.2,38.7825,37.0,0.0,0.0,24.80666666666667,56.971666666666664,0.18666666666666665
2018-07-17 21:00:00,0.8240846960163144,0.8216033967259929,0.8094000355867762,0.8092554140127389,0.7583951977345699,0.8531474903716005,0.7752126708386918,28.2,38.784597929936304,37.0,0.0,0.0,22.988333333333333,68.46833333333333,0.0
2018-07-17 22:00:00,0.8226935769389526,0.8211258974832832,0.8092486148333208,0.8092,0.7581340512018201,0.8523918413449043,0.7746432855626327,28.281794055201697,38.79641671932731,37.0,0.0,0.0,22.691666666666666,70.50333333333333,0.0
2018-07-17 23:00:00,0.8217858073868056,0.8205775250725554,0.8091222271980892,0.808982579489476,0.7577377817584714,0.8519444543961785,0.7738636901815669,28.399999999999995,38.80405545603821,37.0,0.0,0.0,21.96166666666667,70.38,0.0
2018-07-18 00:00:00,0.8204734265734266,0.819934965034965,0.8087909090909091,0.8087,0.7574727272727273,0.8513741258741259,0.7734090909090909,28.4,38.81145104895105,37.0,0.0,0.0,21.338333333333335,68.44,0.0
2018-07-18 01:00:00,0.8192377633806216,0.8192752337052224,0.8085254693161709,0.8083744849445325,0.7573266244057052,0.8509112729684625,0.7728496175001514,28.399999999999995,38.81691945329087,37.0,0.0,0.0,21.645,65.36166666666666,0.0
2018-07-18 02:00:00,0.8178635772654496,0.8185763247222252,0.8081200887983297,0.8079643423137877,0.7569384646347611,0.8501470565743466,0.7723363165561583,28.399999999999995,38.817549524564186,37.0,0.0,0.0,22.331666666666667,58.98,0.0
2018-07-18 03:00:00,0.8167487832333763,0.8177705243221691,0.8075748046294455,0.8073338118022328,0.7567075438596492,0.8497912539936102,0.7718903382466841,28.399999999999995,38.82266761363636,37.0,0.0,0.0,22.173333333333332,61.298333333333325,0.0
2018-07-18 04:00:00,0.815451024321748,0.8171575856260728,0.807063956486906,0.8068322818086224,0.7560764538037366,0.8492990431959675,0.7713901631346644,28.347686645636173,38.82565391692955,37.0,0.0,0.0,22.153333333333332,60.596666666666664,0.17499999999999996
2018-07-18 05:00:00,0.8144905162463217,0.816337644350447,0.8064765525688001,0.8062535031847134,0.7556284756027707,0.8488178306878306,0.7710141027511551,28.2,38.828468468468465,37.0,0.0,0.0,22.258333333333336,60.76333333333333,17.908333333333335
2018-07-18 06:00:00,0.8135058228305793,0.81550568289631,0.805830009128023,0.8054127591706539,0.755030795291545,0.8484416668671003,0.7706910960504074,28.2,38.83172497379455,37.0,0.0,0.0,24.10166666666667,57.43166666666667,122.36000000000001
2018-07-18 07:00:00,0.8129276622819898,0.8148681494251839,0.805135808215652,0.8049,0.7544441694037743,0.8480211120588423,0.7702395988157509,28.2,38.83479133650291,37.0,0.0,0.0,25.743333333333336,53.11666666666667,254.63333333333333
2018-07-18 08:00:00,0.8198677200526948,0.8173170603750185,0.8046147205132884,0.8041144215530903,0.7534689213861357,0.847598508745324,0.7699397178172348,28.11751592356688,38.8375,39.2,2.200000000000003,1.0,28.01833333333333,44.10166666666667,409.1666666666667
2018-07-18 09:00:00,0.8554448361289076,0.857904427849682,0.8435164988634143,0.8187247648902821,0.7881597700720647,0.8480701349101519,0.7697808074460105,27.99376650818806,38.8375,55.4,16.199999999999996,1.0,29.823333333333334,39.03666666666667,572.6
2018-07-18 10:00:00,0.8565483440108025,0.8564295900295237,0.8496313879652927,0.8485,0.8140589386435318,0.8544459525309969,0.7704960439856722,27.573028391167195,38.837837145110406,68.2,12.800000000000004,1.0,30.716666666666665,38.07833333333333,721.3666666666667
2018-07-18 11:00:00,0.8596170225825913,0.8580687148082954,0.8500931379661235,0.8488984375,0.8166010650405235,0.859773631519254,0.7739583160939002,27.399999999999995,38.83718211034352,82.6,14.399999999999991,1.0,31.375,35.32333333333333,777.8333333333334
2018-07-18 12:00:00,0.8526290011652239,0.8489413927195422,0.8386465531151956,0.8335800933125972,0.7983089402888771,0.8599561021333644,0.7772926325887067,27.399999999999995,38.82753741934511,82.6,0.0,0.0,31.889999999999997,34.75666666666667,783.6666666666666
2018-07-18 13:00:00,0.846918468621278,0.8398998882982699,0.8294521247700829,0.8266237639553429,0.7848880111236686,0.858186778724949,0.7773296875,27.399999999999995,38.81709387160412,82.6,0.0,0.0,32.52166666666667,33.54666666666667,812.5
2018-07-18 14:00:00,0.8429640147282411,0.8359345030509587,0.8234621627352979,0.8213464114832536,0.777078909019799,0.8574415328274364,0.7768795647558386,27.556034024455077,38.80751945261363,82.6,0.0,0.0,32.83,33.43333333333333,741.7833333333333
2018-07-18 15:00:00,0.8401315051643893,0.8329633862726467,0.8188095530684164,0.8172813694267516,0.7714616921266432,0.856577508089203,0.776544926483246,27.600000000000005,38.79981771494699,82.6,0.0,0.0,32.440000000000005,33.72833333333333,627.0666666666667
2018-07-18 16:00:00,0.8371983964009804,0.8299211492715545,0.8155740074969587,0.814515127388535,0.7669233698617023,0.8557090709305594,0.7761448165869219,27.600000000000005,38.795,82.6,0.0,0.0,31.328333333333333,37.99,484.84999999999997
2018-07-18 17:00:00,0.8341661203419023,0.8267880105177378,0.8131449158184916,0.8120594594594595,0.7634859077219778,0.8550438925062193,0.7757441271380862,27.716560509554142,38.795,82.6,0.0,0.0,29.736666666666665,45.78333333333333,315.51666666666665
2018-07-18 18:00:00,0.8317722819325969,0.8245158355838642,0.8110983420003225,0.8106,0.7607751898478864,0.8543753715498937,0.7753723991507431,28.0,38.79561571125266,82.6,0.0,0.0,28.013333333333332,57.001666666666665,153.4
2018-07-18 19:00:00,0.829574124805752,0.8231020700636943,0.8100498893985107,0.8096,0.7588169272801908,0.8536716555486347,0.7748020225337657,28.0,38.7975,82.6,0.0,0.0,26.235,68.60666666666667,26.611666666666665
2018-07-18 20:00:00,0.8275791401273885,0.8219937898089172,0.8093998938428876,0.809221974522293,0.7576790605095541,0.8530354033970275,0.774132829087049,28.0,38.7975,82.6,0.0,0.0,24.831666666666667,77.58333333333333,0.18666666666666665
2018-07-18 21:00:00,0.8258428608919898,0.821443736730361,0.8091340764753139,0.8089,0.7570870222929936,0.8524140215571511,0.7735243984149004,28.125212314225053,38.80853812879946,82.6,0.0,0.0,23.80666666666667,82.66666666666667,0.0
2018-07-18 22:00:00,0.8244376484343091,0.8210359551946101,0.8088534821726935,0.808779173290938,0.7569348477177065,0.8516584466632238,0.7728236199575371,28.2,38.82827963981685,82.6,0.0,0.0,23.143333333333334,84.51666666666667,0.0
2018-07-18 23:00:00,0.8234162155835968,0.8206132048266541,0.8087351265822784,0.8087,0.7567583333333334,0.8511158119724797,0.7721539452469388,28.2,38.839459967608924,82.6,0.0,0.0,22.455,85.75,0.0
2018-07-19 00:00:00,0.8225400790709166,0.8199680054144753,0.8086049578059072,0.8085,0.7567,0.85059211191738,0.7715931461277042,28.2,38.84899970570637,82.6,0.0,0.0,21.998333333333335,86.78333333333335,0.0
2018-07-19 01:00:00,0.8216192063141339,0.8194296126656303,0.8081909635641834,0.808,0.7564412559618442,0.8500320158231413,0.77103203348551,28.2,38.85722154046598,82.6,0.0,0.0,21.764999999999997,88.31666666666666,0.0
2018-07-19 02:00:00,0.8206573185182632,0.8189725335734396,0.807880300517582,0.8076637519872814,0.7558555973285536,0.8495484080332781,0.770458115001964,28.2,38.86414984082334,82.6,0.0,0.0,21.328333333333333,87.60000000000001,0.0
2018-07-19 03:00:00,0.8197251151008067,0.8181957809296759,0.8074703895753745,0.8073,0.7555991640543365,0.8489786394753219,0.7700344866641045,28.2,38.870009414141414,82.6,0.0,0.0,19.993333333333332,90.21666666666665,0.0
2018-07-19 04:00:00,0.8185131804419532,0.8175154110760167,0.8069777833169937,0.8067403785488959,0.7551528447418635,0.8487301368313168,0.7695926513813437,28.2,38.87318697257384,82.6,0.0,0.0,19.84,90.73333333333333,0.35833333333333334
2018-07-19 05:00:00,0.81744792163596,0.8170912491983068,0.8064894371347381,0.8061745920745921,0.7549035381750465,0.8482324037606904,0.7691772755487839,28.2,38.876205772811915,82.6,0.0,0.0,19.93,90.01666666666667,24.865
2018-07-19 06:00:00,0.8164996245666836,0.81633693191314,0.8060025422886808,0.805686119873817,0.7545489061637994,0.847952851507297,0.7688329133858268,28.2,38.88045610334075,0.2,0.0,0.0,21.643333333333334,86.73333333333333,127.26666666666667
2018-07-19 07:00:00,0.8155693989992377,0.8157024865887746,0.805466142645221,0.8052053042121685,0.7541024865887747,0.8474383830455259,0.768356611243072,28.2,38.88563182527301,0.2,0.0,0.0,24.34,76.57833333333333,276.1333333333333
2018-07-19 08:00:00,0.8204396804742208,0.815390743870994,0.8049447880031385,0.8047353968253967,0.7533754817873076,0.8471119632687891,0.768023799639514,28.108529565672423,38.88995707871104,0.2,0.0,0.0,26.245,64.21166666666666,439.7833333333333
2018-07-19 09:00:00,0.8538461151282597,0.8505762544660982,0.8270784855695884,0.8049992063492064,0.7632362076535651,0.846708083537309,0.767711577813678,28.0,38.89,18.2,18.0,1.0,28.435,55.23166666666666,586.7833333333334
2018-07-19 10:00:00,0.857547558386412,0.8586235668789808,0.8509628450106157,0.8504445859872611,0.8157501061571125,0.8531375796178344,0.7689065817409766,27.78513800424629,38.89,34.8,16.599999999999998,1.0,29.896666666666665,48.718333333333334,709.6666666666666
2018-07-19 11:00:00,0.860436953087699,0.8592034479051325,0.8511196126958488,0.8488254777070064,0.8206667270678626,0.8605873131668682,0.7732825890907059,27.600000000000005,38.888442317916,47.2,12.400000000000006,1.0,31.636666666666667,41.38,789.0
2018-07-19 12:00:00,0.8542884568108168,0.849062237400827,0.8388897558386411,0.8342851910828025,0.7980357721533132,0.8595615990613475,0.7756934182590234,27.600000000000005,38.8737959548553,47.2,0.0,0.0,32.48166666666667,43.955000000000005,806.3333333333334
2018-07-19 13:00:00,0.8497928018728986,0.8414294211673138,0.8300171054117399,0.8271553259141494,0.7858734440209688,0.857865393397438,0.7754728647484127,27.600000000000005,38.858755281022596,47.2,0.0,0.0,32.385,43.58833333333333,779.0
2018-07-19 14:00:00,0.8464240213590865,0.8375866000397393,0.8240529209242569,0.8218089171974522,0.7787221664924658,0.8568004808537357,0.7750998702425478,27.737934724451577,38.84901955254278,47.2,0.0,0.0,32.428333333333335,41.538333333333334,708.6333333333333
2018-07-19 15:00:00,0.8433581696956152,0.8342116418966737,0.8195967224203144,0.818211004784689,0.7734060244161359,0.8558172844773582,0.7747613352346799,28.0,38.84341696909592,47.2,0.0,0.0,31.810000000000002,44.870000000000005,589.8833333333333
2018-07-19 16:00:00,0.840217030748433,0.8311579543153119,0.8164699621783642,0.8154730891719745,0.7690362475064049,0.8550889619809019,0.7743607507282478,28.0,38.84206445310522,47.2,0.0,0.0,30.378333333333334,54.21666666666667,438.5333333333333
2018-07-19 17:00:00,0.8370384247266497,0.8285360750058413,0.814238735071127,0.8135624203821656,0.7655281540260127,0.8544040747738871,0.7739929548163499,28.0,38.8425,47.2,0.0,0.0,29.19333333333333,59.99,271.8333333333333
2018-07-19 18:00:00,0.834670581358337,0.8265586252653927,0.8126160510146724,0.8122,0.7630008679232825,0.8537322186836519,0.773563370547581,28.171443736730357,38.8425,47.2,0.0,0.0,27.983333333333334,62.75333333333333,123.18666666666667
2018-07-19 19:00:00,0.8325893939393939,0.8253359872611465,0.8117230425271827,0.8115,0.7612784661905682,0.8531100849256901,0.7730056327607283,28.2,38.8425,47.2,0.0,0.0,26.30666666666667,70.75,21.038333333333334
2018-07-19 20:00:00,0.8309585721868366,0.8247044206251961,0.8111890333099687,0.811,0.7601889802314123,0.8524411901832517,0.7723889916656641,28.2,38.8425,47.2,0.0,0.0,25.063333333333333,78.10000000000001,0.15666666666666665
2018-07-19 21:00:00,0.829415090343247,0.8240133757961784,0.8109959724430312,0.8109758346581877,0.7596830148619959,0.8517939490445859,0.7717202760084926,28.238853503184714,38.84623399626678,47.2,0.0,0.0,24.11,83.91666666666667,0.0
2018-07-19 22:00:00,0.8281414393318008,0.8238051834130782,0.810835297239915,0.8108,0.7593486056701226,0.8512555074276223,0.7711360220542671,28.399999999999995,38.86238201074974,47.2,0.0,0.0,23.331666666666663,87.63333333333333,0.0
2018-07-19 23:00:00,0.8271503758113677,0.8232381061419232,0.8107303150284042,0.8106569157392687,0.7588348195329088,0.8505535909457603,0.7704471380194358,28.399999999999995,38.875321592550776,47.2,0.0,0.0,23.163333333333338,87.98333333333333,0.0
2018-07-20 00:00:00,0.8259883728848744,0.8227677342291712,0.8104955148619958,0.8103,0.7586174008637712,0.8500174068551504,0.7698955119506917,28.399999999999995,38.88574214095606,47.2,0.0,0.0,23.293333333333333,87.78333333333335,0.0
2018-07-20 01:00:00,0.8248011182782632,0.8220985911820401,0.8101231563429296,0.8099,0.7583348585190661,0.8495580148619958,0.7695947468684495,28.399999999999995,38.892226619064736,47.2,0.0,0.0,23.356666666666666,86.91666666666667,0.0
2018-07-20 02:00:00,0.8239411433070387,0.8213538476890153,0.8098093040211437,0.8096424483306837,0.7581698513800424,0.8491047770700636,0.7691442144373672,28.399999999999995,38.89944410022143,47.2,0.0,0.0,22.748333333333335,88.93333333333334,0.0
2018-07-20 03:00:00,0.8233328463861014,0.8205797827239003,0.8093926050347838,0.8092,0.7578146286695088,0.8486631765617246,0.7686502869955006,28.399999999999995,38.90270733969263,47.2,0.0,0.0,22.778333333333336,88.33333333333333,0.0
2018-07-20 04:00:00,0.822529626272957,0.8197699044585988,0.8089296299015388,0.8086545310015898,0.7574417113066607,0.8482227538235126,0.7682506936498131,28.399999999999995,38.908237580968,47.2,0.0,0.0,22.645,88.08333333333333,0.08
2018-07-20 05:00:00,0.821703025477707,0.8191206018213792,0.8083453895071542,0.8082,0.7569969263381028,0.847859076433121,0.7677696439601834,28.399999999999995,38.91172372611465,47.2,0.0,0.0,22.645,87.64999999999999,10.718333333333334
2018-07-20 06:00:00,0.8208902077368384,0.8186100895848222,0.8078177462874715,0.8075703645007923,0.7566183411826269,0.8475143972555511,0.7673177462874715,28.399999999999995,38.91615844179926,47.2,0.0,0.0,23.08,87.45,53.82333333333333
2018-07-20 07:00:00,0.8201707648510768,0.8178027521213102,0.8072397104193177,0.8069291536050157,0.7562012145214521,0.847100607260726,0.7668509108910891,28.399999999999995,38.921390005897145,47.2,0.0,0.0,24.421666666666667,81.43333333333334,165.28666666666666
2018-07-20 08:00:00,0.8238606991241824,0.8174629392331741,0.8066089332990668,0.8062867924528302,0.7554216467242307,0.8467322045367839,0.7664653568028998,28.25784776902887,38.925,49.4,2.199999999999996,1.0,25.959999999999997,72.88833333333334,308.4166666666667
2018-07-20 09:00:00,0.8578889432817455,0.8452195631873832,0.8256903355780323,0.8061018987341773,0.7586651591231616,0.8464300577965357,0.7660382120253164,28.2,38.925,62.4,13.0,1.0,27.948333333333334,61.336666666666666,504.15000000000003
2018-07-20 10:00:00,0.8599620676885488,0.8606246467467734,0.852296541639836,0.8518996815286624,0.8078900887095956,0.8523895529117524,0.7673513427932092,28.2,38.925,78.2,15.800000000000004,1.0,30.171666666666667,52.535,714.2333333333332
2018-07-20 11:00:00,0.860157259161093,0.8584140500566789,0.8479123140632131,0.8418588235294118,0.8118495032232561,0.8581824973273983,0.7714831725489798,28.018099787685774,38.924803921568625,85.2,7.0,1.0,31.625,48.373333333333335,760.0
2018-07-20 12:00:00,0.8550447754446916,0.8478112220088921,0.8360754045652637,0.8324484848484849,0.7931416662433928,0.8567126404846318,0.7725856537212555,28.0,38.9062317314953,85.2,0.0,0.0,32.14,50.69333333333333,807.8333333333334
2018-07-20 13:00:00,0.8514126251888529,0.8412999634739401,0.8282904217569026,0.8254565495207667,0.784065099235055,0.8554942257890884,0.7723521652809578,28.0,38.88860684662583,85.2,0.0,0.0,31.873333333333335,52.625,715.1833333333334
2018-07-20 14:00:00,0.8481546215006608,0.8371753888582328,0.822302364553634,0.8202952153110048,0.7779182279343186,0.8546168408628162,0.7721461988304094,28.0,38.881154970760235,85.2,0.0,0.0,31.790000000000003,52.14833333333333,690.4833333333332
2018-07-20 15:00:00,0.8447604452164962,0.8337038079843015,0.8181588584893521,0.8167807324840765,0.7731690809367562,0.8539190680692273,0.7719291505822556,28.0,38.88,85.2,0.0,0.0,31.36,50.12166666666667,471.88333333333327
2018-07-20 16:00:00,0.8415030838180465,0.8306250581849408,0.8147687006714959,0.8136496794871795,0.7693718866143243,0.8531950385895449,0.7715699786324786,28.13604033970276,38.88,85.2,0.0,0.0,30.586666666666662,48.84166666666667,427.6666666666667
2018-07-20 17:00:00,0.8387955233136801,0.8282432940143171,0.8125608642466265,0.8120733652312601,0.766354924721417,0.8524524415957554,0.7713092503987241,28.2,38.88,85.2,0.0,0.0,29.573333333333334,50.803333333333335,314.3666666666666
2018-07-20 18:00:00,0.8366486266582743,0.8264327938237453,0.8111562585425293,0.8105396415392725,0.7640749145323348,0.8519210707486943,0.7709647799813452,28.2,38.88,85.2,0.0,0.0,27.968333333333334,57.775,139.67499999999998
2018-07-20 19:00:00,0.8344968290115208,0.8252193592492113,0.8101263720319453,0.8098775477707006,0.7620953563124216,0.8513768371618241,0.7704456997135941,28.2,38.88,85.2,0.0,0.0,26.19333333333333,61.403333333333336,24.325000000000003
2018-07-20 20:00:00,0.8326920022731624,0.8242266168166023,0.8095388091440724,0.8094,0.7609492362344353,0.8507449205874535,0.7700073866387646,28.296041666666667,38.88,85.2,0.0,0.0,24.453333333333333,70.46333333333332,0.15
2018-07-20 21:00:00,0.8309904102961375,0.8238044961669408,0.8094697768412938,0.8094,0.7604386029359275,0.8501910524036959,0.7693734448492963,28.399999999999995,38.88,85.2,0.0,0.0,23.064999999999998,80.05,0.0
2018-07-20 22:00:00,0.8297309871451944,0.823231050955414,0.8094347581449299,0.8094,0.760136018957346,0.8495365374087244,0.7688459740875894,28.399999999999995,38.8871283013004,85.2,0.0,0.0,22.555000000000003,82.91666666666667,0.0
2018-07-20 23:00:00,0.828432246350218,0.8227765115006069,0.8094,0.8094,0.7600076312922738,0.8490482656954561,0.7681839806547619,28.399999999999995,38.897880438283536,85.2,0.0,0.0,22.451666666666668,83.25,0.0
2018-07-21 00:00:00,0.826971768109531,0.8220963325868856,0.8091874971041362,0.8089569297212407,0.7597940538375481,0.8484994464261458,0.7677579243554509,28.399999999999995,38.90804049736704,85.2,0.0,0.0,22.64333333333333,79.88333333333333,0.0
2018-07-21 01:00:00,0.8257479512432733,0.8215880559444505,0.8089443239369526,0.8088511111111111,0.759587236182627,0.8480392249652442,0.7672000459065149,28.399999999999995,38.91923529340005,85.2,0.0,0.0,22.580000000000002,75.91666666666667,0.0
2018-07-21 02:00:00,0.8248151001080588,0.8208592194725659,0.8086666108555455,0.8085,0.7592605663941688,0.8477137498537205,0.7668132772337718,28.399999999999995,38.92335383597884,85.2,0.0,0.0,21.365,80.05,0.0
2018-07-21 03:00:00,0.8235634763260582,0.8199759718698182,0.8083157797383599,0.808073851030111,0.7589261662757362,0.8471643673339373,0.766262413703092,28.399999999999995,38.925,85.2,0.0,0.0,20.168333333333333,89.53333333333335,0.0
2018-07-21 04:00:00,0.8224332208090835,0.8191072421934416,0.8078471269930897,0.8076673469387755,0.7586471269930897,0.8468471269930897,0.7658962706031028,28.399999999999995,38.92875379796187,85.2,0.0,0.0,20.74,92.25,0.235
2018-07-21 05:00:00,0.8212428679596481,0.8183715943968911,0.8073530351431076,0.807,0.7581717580171361,0.8464768631037153,0.7655061534872584,28.399999999999995,38.937502056844075,85.2,0.0,0.0,21.01833333333333,92.18333333333334,19.720000000000002
2018-07-21 06:00:00,0.8203643844640175,0.8179298610587041,0.8067403042824095,0.8063809523809524,0.757760023414857,0.8461601162176439,0.765171006981625,28.399999999999995,38.947775320058035,85.2,0.0,0.0,22.63333333333333,87.51666666666667,128.6
2018-07-21 07:00:00,0.8194474450714236,0.8170996052460436,0.8061308929441172,0.8059,0.7573562243298241,0.8458107990160689,0.764818780360026,28.3155376344086,38.95466324003619,85.2,0.0,0.0,25.323333333333334,79.18333333333334,301.48333333333335
2018-07-21 08:00:00,0.8220594360576811,0.8170825009120969,0.805525866272582,0.8052391719745223,0.7566726896704249,0.8455032543950612,0.764485302964245,28.2,38.96,87.6,2.3999999999999915,1.0,26.953333333333333,72.925,466.0833333333333
2018-07-21 09:00:00,0.8554724284372693,0.854630863691686,0.835863642522401,0.8060931637519873,0.7756210871994904,0.8453061611374407,0.764298687664042,28.2,38.95954253567394,98.2,10.600000000000009,1.0,28.371666666666666,64.61999999999999,502.84999999999997
2018-07-21 10:00:00,0.8584491424769712,0.8578684802833144,0.8511983915749631,0.850022966507177,0.8191083993713871,0.853331492996425,0.7656370175907795,28.006280193236716,38.96,116.6,18.39999999999999,1.0,29.951666666666664,54.961666666666666,772.5
2018-07-21 11:00:00,0.8612572254324071,0.8591451111381541,0.8505561285686208,0.8482847113884555,0.8215703195411344,0.8593736179800331,0.7704683293416114,28.0,38.958064,130.2,13.599999999999994,1.0,31.266666666666666,49.06,830.3333333333334
2018-07-21 12:00:00,0.8579214911748045,0.851072889657933,0.8399379611146737,0.8353068345323741,0.8017464646919293,0.8585325073878173,0.773233749349974,28.0,38.9471249483172,131.0,0.8000000000000114,1.0,31.385,48.32333333333333,845.1666666666666
2018-07-21 13:00:00,0.8533794368603039,0.8428763575173818,0.8305812317793158,0.8272961722488038,0.7891406926306773,0.8567030349057809,0.772879773206751,28.0,38.931530228409876,0.2,0.0,0.0,31.895,48.004999999999995,823.6666666666666
2018-07-21 14:00:00,0.850050772675124,0.8389322517602618,0.8238745397931213,0.8215507987220447,0.7820726894796808,0.8555343581115977,0.7725155226856465,28.106847133757963,38.92482995391393,0.2,0.0,0.0,31.576666666666664,50.68166666666667,745.4166666666666
2018-07-21 15:00:00,0.8467316450083903,0.8360160831057707,0.819401761781214,0.8179357710651828,0.7768437017135579,0.8546144349451538,0.7722382775119617,28.2,38.920858545647555,0.2,0.0,0.0,31.06,53.78,623.1666666666666
2018-07-21 16:00:00,0.8434060303517964,0.8333548719985724,0.8163295526491936,0.8152300955414012,0.772878536537693,0.8538236464968153,0.771942728237792,28.2,38.92,0.2,0.0,0.0,30.44666666666667,55.675000000000004,473.06666666666666
2018-07-21 17:00:00,0.8406985187527302,0.830776517691159,0.8141474571816049,0.8134630573248408,0.7699151903717022,0.8532069474496896,0.7715465017675921,28.2,38.92,0.2,0.0,0.0,29.576666666666668,57.425000000000004,299.75
2018-07-21 18:00:00,0.8390585004842254,0.8288663370208962,0.8127156241851976,0.8121984076433121,0.7675004856222296,0.8524683651804671,0.7711730626326965,28.2,38.92,0.2,0.0,0.0,28.014999999999997,65.45666666666666,131.975
2018-07-21 19:00:00,0.8374003814545049,0.8273497179725515,0.8117652866242039,0.8115,0.7657188760298256,0.852081492091549,0.7706416666666667,28.32918660287081,38.92,0.2,0.0,0.0,26.319999999999997,73.31,20.393333333333334
2018-07-21 20:00:00,0.8357023885350318,0.8266426220806794,0.8113797239915074,0.8113,0.7647660828025478,0.8515705414012739,0.770079033970276,28.399999999999995,38.92,0.2,0.0,0.0,25.036666666666665,81.68333333333334,0.09333333333333332
2018-07-21 21:00:00,0.8341998448570339,0.826252016985138,0.8111330107692932,0.811,0.7642784235668789,0.8508670647558386,0.7694103768577495,28.399999999999995,38.92390989915074,0.2,0.0,0.0,24.044999999999998,86.06666666666666,0.0
2018-07-21 22:00:00,0.8327853896421713,0.8258419713831479,0.8111045254321388,0.811,0.7639166273429668,0.850195966029724,0.7688313163481953,28.399999999999995,38.9388699836967,0.2,0.0,0.0,23.331666666666667,89.28333333333332,0.0
2018-07-21 23:00:00,0.8316191047360587,0.8253392988483051,0.811,0.811,0.7635944356120827,0.8495393481717012,0.7682053609341826,28.399999999999995,38.95182598566626,0.2,0.0,0.0,22.796666666666667,91.16666666666667,0.0
2018-07-22 00:00:00,0.8306165254895209,0.8247516492747899,0.8107996815286623,0.8107216560509554,0.763258325823013,0.8490104489652635,0.7676997119074863,28.552411234764175,38.963814002275036,0.2,0.0,0.0,22.59166666666667,92.26666666666667,0.0
2018-07-22 01:00:00,0.8294336866559329,0.8240071656050955,0.8106348355661769,0.8106,0.762993949044586,0.8484331475583864,0.7671528662420383,28.600000000000005,38.97069997346072,0.2,0.0,0.0,22.791666666666668,92.13333333333333,0.0
2018-07-22 02:00:00,0.8282533174097665,0.8233718408976606,0.8102829617834395,0.8101,0.7625660837307896,0.8480083864118896,0.7666019639065818,28.600000000000005,38.98036954784496,0.2,0.0,0.0,22.605,91.05,0.0
2018-07-22 03:00:00,0.82739876889816,0.822736150378554,0.8098948628142942,0.8096,0.762172946180538,0.8476012537593794,0.7661535725075019,28.600000000000005,38.98896727609963,0.2,0.0,0.0,22.41333333333333,90.39999999999999,0.0
2018-07-22 04:00:00,0.826740591804806,0.8219928845621568,0.8094503420993117,0.8092710191082803,0.7618399846080625,0.8471354554629563,0.7657200106157113,28.554830148619956,38.99,0.2,0.0,0.0,21.91,90.61666666666667,0.14833333333333334
2018-07-22 05:00:00,0.8258323809572029,0.8211425933051824,0.8091342642333229,0.8088923688394276,0.7613006900212315,0.8467006900212315,0.7654400497959556,28.399999999999995,38.99309635951988,0.2,0.0,0.0,22.27333333333333,88.61666666666667,18.27
2018-07-22 06:00:00,0.824889026240553,0.8204528848490679,0.8085701694294519,0.8085,0.7608793472097051,0.8461318949804056,0.765001546788452,28.399999999999995,38.99868697448854,0.2,0.0,0.0,24.173333333333332,82.35000000000001,122.42
2018-07-22 07:00:00,0.8241674748820452,0.819760368135921,0.8080166760803543,0.8078244833068362,0.7603931082805242,0.8454277808437887,0.7647045382165606,28.399999999999995,39.00453804356999,0.2,0.0,0.0,26.276666666666667,74.03833333333334,269.18333333333334
2018-07-22 08:00:00,0.829462661716279,0.8229955991556169,0.807454278897685,0.80695872,0.7596723192013055,0.8451143898412697,0.764379345026288,28.399999999999995,39.0075,2.6,2.4,1.0,27.26833333333333,66.46166666666666,368.2833333333333
2018-07-22 09:00:00,0.8606583864118896,0.8619642250530785,0.846564118895966,0.8183299363057325,0.8029202760084927,0.8503039278131634,0.7641588110403398,28.29936305732484,39.00624203821656,14.2,11.6,1.0,28.61,60.33166666666667,532.2166666666667
2018-07-22 10:00:00,0.8625107382569412,0.8603974540785154,0.8515310896294657,0.8509,0.8242041333022471,0.8610780381282827,0.7676737493998326,28.2,39.005697767145136,28.8,14.600000000000001,1.0,29.501666666666665,57.626666666666665,654.3666666666667
2018-07-22 11:00:00,0.8642119849943467,0.8612876491510485,0.8520109848978108,0.84910826709062,0.8217777964973215,0.8620462054739265,0.7736606889995598,28.212188659247484,39.002103723009256,41.8,12.999999999999996,1.0,30.383333333333336,54.73166666666666,743.9333333333334
2018-07-22 12:00:00,0.8585797645879901,0.8477507603549651,0.8378120411020373,0.8329813397129187,0.7957611249066124,0.8578944353251446,0.7751491505492956,28.399999999999995,38.98767942583732,41.8,0.0,0.0,30.905,53.225,730.4166666666666
2018-07-22 13:00:00,0.8540394135793062,0.8399960257113542,0.8282237603575141,0.8248318471337579,0.7833573352956315,0.855509422544249,0.774403662420382,28.399999999999995,38.977618127300495,41.8,0.0,0.0,30.478333333333335,55.626666666666665,694.9333333333334
2018-07-22 14:00:00,0.8493715098521251,0.8357132691734644,0.8217038505233359,0.8196315286624204,0.7761311831862033,0.8541075106157113,0.7738741507430998,28.399999999999995,38.970048632063175,41.8,0.0,0.0,30.00833333333333,58.046666666666674,669.2833333333333
2018-07-22 15:00:00,0.8458569808883336,0.8318908481817844,0.8170212229146984,0.8154882165605095,0.770521143296864,0.8530999203821655,0.7734210191082802,28.399999999999995,38.959834819448254,41.8,0.0,0.0,29.438333333333333,59.505,479.98333333333335
2018-07-22 16:00:00,0.8422239631480748,0.8284761924474378,0.8134499602969013,0.8121926751592357,0.7662933424929821,0.8522334016074252,0.7731031581740977,28.399999999999995,38.9575,41.8,0.0,0.0,28.655,62.31,328.0833333333333
2018-07-22 17:00:00,0.8393389160294314,0.8257519115598386,0.8110075259928039,0.810214467408585,0.7631000126681391,0.8514062621390467,0.7726315635136823,28.399999999999995,38.9575,41.8,0.0,0.0,27.973333333333333,65.335,192.3166666666667
2018-07-22 18:00:00,0.8371653627888898,0.823829809442313,0.8096587215178944,0.8092992025518342,0.7609782654235128,0.8506321850251611,0.772067097128088,28.399999999999995,38.9575,41.8,0.0,0.0,26.715,70.97666666666667,37.23
2018-07-22 19:00:00,0.835451562263187,0.8224435733597968,0.8089366242038216,0.8087,0.7597895459169571,0.8498069008873993,0.7713636240040364,28.399999999999995,38.9575,41.8,0.0,0.0,25.935,74.11666666666666,5.113333333333333
2018-07-22 20:00:00,0.8337044655782381,0.8216241687648808,0.8083718784914552,0.8082,0.7591044737881382,0.8491381588162494,0.7706095142257282,28.573025967143618,38.961376783374384,41.8,0.0,0.0,24.724999999999998,79.10000000000001,0.13333333333333333
2018-07-22 21:00:00,0.8322045751275988,0.8210981019563963,0.808107101218866,0.808,0.7587129570747217,0.848387728398636,0.7698516734512707,28.600000000000005,38.97211249741985,41.8,0.0,0.0,23.66333333333333,83.23333333333333,0.0
2018-07-22 22:00:00,0.8309351232789552,0.820478025477707,0.8078740858505564,0.8077,0.7583669320594479,0.8478410306944261,0.7693235943886937,28.600000000000005,38.98492335570396,41.8,0.0,0.0,23.159999999999997,85.3,0.0
2018-07-22 23:00:00,0.8298044729890691,0.8203033133268006,0.8075505712160124,0.8074711538461539,0.757791078386801,0.8472153580096785,0.7686081214410364,28.600000000000005,38.99504792880197,41.8,0.0,0.0,23.036666666666665,86.33333333333333,0.0
2018-07-23 00:00:00,0.8285938634052025,0.8196356790252471,0.8073358044133085,0.8073,0.7575023659305994,0.8466471772513541,0.7681433500785007,28.600000000000005,39.00281538079705,41.8,0.0,0.0,23.203333333333333,86.71666666666665,0.0
2018-07-23 01:00:00,0.8272979259701815,0.8190450371549893,0.806956216393426,0.8068,0.7573191573926867,0.846067495586632,0.7676461121012358,28.600000000000005,39.01213401217347,41.8,0.0,0.0,23.005,87.3,0.0
2018-07-23 02:00:00,0.8263810304497078,0.8184753715498938,0.8065832271762208,0.8063,0.7568708598726115,0.8455658406158125,0.767109073099889,28.600000000000005,39.016248272204386,41.8,0.0,0.0,23.198333333333334,86.38333333333333,0.0
2018-07-23 03:00:00,0.8255664941402624,0.8178300247840572,0.8060889082694535,0.8059152866242038,0.7565405935347113,0.8451569646829294,0.7666654210083069,28.600000000000005,39.025138667728235,41.8,0.0,0.0,22.399999999999995,86.19999999999999,0.0
2018-07-23 04:00:00,0.8248552757468971,0.8170674628450106,0.8055932744237305,0.8054,0.7561054663318245,0.8446276975129869,0.7662102543720191,28.600000000000005,39.0275,41.8,0.0,0.0,21.78333333333333,87.41666666666667,0.18000000000000002
2018-07-23 05:00:00,0.8239353428925367,0.8164154434126897,0.8052443736730361,0.8052,0.7556561694328273,0.8442547893903645,0.7658791648523758,28.583730789613142,39.0275,41.8,0.0,0.0,21.698333333333334,86.51666666666667,21.599999999999998
2018-07-23 06:00:00,0.8231199523052464,0.8157181472124053,0.8048088780425235,0.8045,0.7550810280869104,0.8437461898203936,0.7655032112526539,28.399999999999995,39.03072916666667,41.8,0.0,0.0,23.10166666666667,80.86666666666666,140.79999999999998
2018-07-23 07:00:00,0.8220945712245249,0.8151602465204059,0.8042624470793157,0.8040123613312203,0.7545624470793157,0.8433988888888889,0.7651272336067803,28.399999999999995,39.03849909100277,41.8,0.0,0.0,25.544999999999998,75.31666666666668,304.3833333333333
2018-07-23 08:00:00,0.8263955878099467,0.816418868781585,0.8036238243083232,0.8031702875399361,0.7537478383808548,0.8430522135284182,0.7647451379821376,28.399999999999995,39.04222976570819,43.0,1.2000000000000028,1.0,27.17,67.19500000000001,474.34999999999997
2018-07-23 09:00:00,0.8552032749396653,0.8537989871186845,0.8323985643236155,0.8039484848484849,0.7674444874865701,0.8426687852593266,0.7644823974890903,28.387261146496815,39.04,57.8,14.799999999999997,1.0,29.043333333333333,56.89166666666667,627.35
2018-07-23 10:00:00,0.8583555496498758,0.8565894474412241,0.8498906278475252,0.849531847133758,0.8146299474382411,0.8494862054963698,0.7656379890285773,28.2,39.04,74.0,16.200000000000003,1.0,30.32166666666667,49.37833333333333,746.6666666666666
2018-07-23 11:00:00,0.8631104452164963,0.8597341665058226,0.850504367721804,0.8488538216560509,0.8186589324776427,0.8567157763945185,0.7702658029337965,28.2,39.03597141800167,87.2,13.200000000000003,1.0,31.223333333333333,47.17166666666666,817.8333333333334
2018-07-23 12:00:00,0.8586565530430014,0.8496813424641996,0.8387391271498085,0.834379617834395,0.7979850114876555,0.8559440398791806,0.7728980085806101,28.289154704944178,39.01939815837727,87.2,0.0,0.0,31.731666666666666,42.19833333333333,840.6666666666666
2018-07-23 13:00:00,0.8561921709129511,0.8420804011875375,0.830200956302888,0.827515923566879,0.7851553754101525,0.8541290340972583,0.7726848726114649,28.399999999999995,39.009244957537156,87.2,0.0,0.0,31.94666666666667,40.31333333333333,818.8333333333334
2018-07-23 14:00:00,0.8518669952542522,0.838909015058395,0.8242363239755924,0.8222729299363057,0.7776969989028739,0.8531428425217648,0.7723362261146497,28.399999999999995,39.00101579087049,87.2,0.0,0.0,31.92,38.501666666666665,746.6666666666666
2018-07-23 15:00:00,0.8479847013548154,0.8357954721536518,0.8201468870315627,0.8186482484076433,0.7722972892688196,0.8521466295116773,0.7721081782457495,28.399999999999995,38.99466361464968,87.2,0.0,0.0,31.601666666666663,39.586666666666666,631.8166666666666
2018-07-23 16:00:00,0.8444762530179434,0.8328504424906118,0.8170198973899234,0.8159380573248408,0.7679277132284968,0.8514952305065404,0.7719434312535344,28.399999999999995,38.9925,87.2,0.0,0.0,31.09,42.98500000000001,485.95000000000005
2018-07-23 17:00:00,0.8421174375755545,0.8303001386645538,0.8145130770070805,0.8137483253588517,0.7647567251038714,0.85089578622294,0.7715217622080678,28.547846889952154,38.9925,87.2,0.0,0.0,30.03833333333333,46.224999999999994,312.7333333333333
2018-07-23 18:00:00,0.8403362939007883,0.8283714736679766,0.8129579906825232,0.8124019138755981,0.7621761053473715,0.85022673217801,0.7711736451181515,28.600000000000005,38.9925,87.2,0.0,0.0,28.608333333333334,50.47333333333333,140.85833333333332
2018-07-23 19:00:00,0.8386158645589205,0.8268157726431941,0.8117792342211928,0.8113545454545454,0.760347016738522,0.8496366386797916,0.7707496162985766,28.600000000000005,38.9925,87.2,0.0,0.0,26.64,57.355,20.965
2018-07-23 20:00:00,0.8367043392960968,0.8256158864457516,0.8109830435599711,0.8108,0.7592564167670856,0.8489308896457027,0.770202498924884,28.600000000000005,38.9925,87.2,0.0,0.0,24.665000000000003,65.35333333333334,0.12666666666666665
2018-07-23 21:00:00,0.8349434481351673,0.8249620942317364,0.810689118895966,0.8106,0.7587576313230854,0.8483532888551255,0.769592455165919,28.600000000000005,38.993095113126074,87.2,0.0,0.0,23.171666666666667,72.89,0.0
2018-07-23 22:00:00,0.8332914891193178,0.824328803344371,0.8102433121019108,0.8099,0.7584339702760085,0.8478339702760085,0.7689274416135881,28.803821656050957,39.00345401848551,87.2,0.0,0.0,22.465,77.28333333333333,0.0
2018-07-23 23:00:00,0.8318186799388373,0.8240434117613304,0.8096583598726115,0.8096,0.758278237791932,0.8471557886849007,0.7683823183430714,29.0,39.013812619405655,87.2,0.0,0.0,22.008333333333336,77.93333333333332,0.0
2018-07-24 00:00:00,0.8304775581923249,0.8232964390111356,0.8094700582935878,0.8093236883942766,0.7581000000000001,0.8466223188578237,0.7678895169851381,29.0,39.022055131658455,87.2,0.0,0.0,21.425,77.28333333333333,0.0
2018-07-24 01:00:00,0.8288191402961598,0.8225597925449603,0.80909,0.8089,0.7578470806794056,0.8461863849016481,0.7674085364649761,29.0,39.02885217622081,87.2,0.0,0.0,20.908333333333335,75.64999999999999,0.0
2018-07-24 02:00:00,0.827438285579854,0.8220072413111112,0.808703232644409,0.8085324324324324,0.7576,0.8457017998504271,0.7668535885167463,29.0,39.03,87.2,0.0,0.0,20.485,77.85000000000001,0.0
2018-07-24 03:00:00,0.8262292883085408,0.8211158859730844,0.8082561836518046,0.8080777070063695,0.7572218307713858,0.8452218600953896,0.7664532195646377,28.96220806794055,39.03264928343949,87.2,0.0,0.0,20.136666666666667,77.03333333333333,0.0
2018-07-24 04:00:00,0.8247927272673573,0.8202612145538195,0.8080948217184963,0.8077,0.7569061317124542,0.8447966837294394,0.7660663747346073,28.600000000000005,39.03642951775305,87.2,0.0,0.0,19.756666666666664,77.66666666666667,0.18000000000000002
2018-07-24 05:00:00,0.823459559583,0.8191606428412301,0.8074719570544692,0.8070066878980893,0.7564193736730361,0.8444598316000528,0.7657284501061571,28.600000000000005,39.039687334393214,87.2,0.0,0.0,20.348333333333333,73.14666666666666,20.971666666666668
2018-07-24 06:00:00,0.8222043627788523,0.8183729662221232,0.8068627751393206,0.8066,0.7559805569197898,0.8441449944136719,0.7652760615711253,28.600000000000005,39.042368177000526,87.2,0.0,0.0,22.59,62.94833333333333,139.61666666666667
2018-07-24 07:00:00,0.8209884514056958,0.8174783006592206,0.8061782663142724,0.8060042925278219,0.7554001870829241,0.8437286722091143,0.765084048754637,28.54917859035506,39.04908306794055,87.2,0.0,0.0,24.939999999999998,55.26833333333334,305.3
2018-07-24 08:00:00,0.8251705089128095,0.8177900869943356,0.8053078762164186,0.8047420382165604,0.754456548490619,0.843378025477707,0.7647431845132728,28.399999999999995,39.052587579617835,89.6,2.3999999999999915,1.0,28.136666666666667,47.29333333333333,475.1166666666666
2018-07-24 09:00:00,0.8589610378686979,0.857547421424106,0.8391007623162915,0.806999841017488,0.7832341952464619,0.8437069002123142,0.764673133474426,28.332696390658175,39.05715222575517,102.8,13.200000000000003,1.0,30.62833333333333,36.75333333333334,630.3166666666666
2018-07-24 10:00:00,0.8612180467091295,0.8590569002123143,0.850147983014862,0.8494292993630573,0.8170857749469215,0.8530505307855627,0.7662074309978769,28.073036093418256,39.0575,118.0,15.200000000000003,1.0,32.86333333333334,31.311666666666667,753.0
2018-07-24 11:00:00,0.8645562074821292,0.8604548376828967,0.8504168032571778,0.8486717703349282,0.8197347257353962,0.8568284292387501,0.7699291997666915,28.0,39.05550934038677,132.4,14.400000000000006,1.0,34.766666666666666,25.27,830.8333333333334
2018-07-24 12:00:00,0.8604574474632344,0.8497294663446399,0.8388492229959671,0.8347388535031847,0.7998943905193402,0.8565524480050252,0.7728865445859873,28.0,39.042409640530344,132.4,0.0,0.0,35.995,24.095,854.0
2018-07-24 13:00:00,0.8582927016985137,0.8435054239596772,0.8305414251465374,0.8275433121019109,0.7865852229130054,0.8546983054649749,0.772805467091295,28.0,39.03250734803618,132.4,0.0,0.0,35.90166666666667,33.01833333333334,823.1666666666666
2018-07-24 14:00:00,0.8541775311360335,0.8400003470423307,0.8243928895051758,0.8223853503184713,0.7790130033574091,0.8536071548116092,0.7725692675159235,28.124893842887474,39.02800358280255,132.4,0.0,0.0,35.835,34.36833333333333,744.9499999999999
2018-07-24 15:00:00,0.8499860906982022,0.8372722823226851,0.8201486424245025,0.8187555023923445,0.7735579830897996,0.8528026363619432,0.7722187642431692,28.2,39.022857522594364,132.4,0.0,0.0,35.568333333333335,31.286666666666665,626.2
2018-07-24 16:00:00,0.846803409114529,0.8344585748864363,0.8170947964297269,0.8159578025477706,0.7693282776197923,0.852014569090164,0.7719580010632643,28.2,39.0225,132.4,0.0,0.0,35.04,29.59,473.73333333333335
2018-07-24 17:00:00,0.844596291781374,0.8319260001540717,0.8147092767686926,0.8138544585987261,0.7658388982432437,0.851407335761233,0.771673195329087,28.29686836518047,39.0225,132.4,0.0,0.0,34.17166666666666,34.235,301.4166666666667
2018-07-24 18:00:00,0.8425172395256623,0.8298476004598448,0.8129914781404389,0.8122896331738437,0.7630991836738149,0.8507571216692571,0.7713119957537155,28.399999999999995,39.0225,132.4,0.0,0.0,32.36666666666667,40.300000000000004,135.83666666666667
2018-07-24 19:00:00,0.8401026541231498,0.8279030785562632,0.8116554025306106,0.8112144215530903,0.7609577314800706,0.8500358588398229,0.7709324695646426,28.399999999999995,39.0225,132.4,0.0,0.0,29.679999999999996,50.53,20.341666666666665
2018-07-24 20:00:00,0.8384467244161359,0.8268454199575371,0.8108594479830149,0.8106,0.7595175006369427,0.8494889747770701,0.7705069002123142,28.470276008492572,39.0225,132.4,0.0,0.0,26.881666666666664,63.69,0.12
2018-07-24 21:00:00,0.8365008492569003,0.8262936305732484,0.8104057324840764,0.8103,0.7588713375796178,0.8488815286624204,0.769915923566879,28.600000000000005,39.02312632696391,132.4,0.0,0.0,25.111666666666665,80.78333333333333,0.0
2018-07-24 22:00:00,0.8347191192081929,0.8258160562632696,0.810352229299363,0.8103,0.7585160562632697,0.8484205148619958,0.769281236730361,28.600000000000005,39.03911928624953,132.4,0.0,0.0,24.145,87.08333333333333,0.0
2018-07-24 23:00:00,0.8332209205880665,0.8253384956237616,0.8103000000000001,0.8103,0.7583348494054188,0.8478420382165606,0.7687094848595316,28.600000000000005,39.05595628002018,132.4,0.0,0.0,23.45,90.53333333333335,0.0
2018-07-25 00:00:00,0.8321063694267515,0.8248144904458599,0.8101974032856386,0.8101,0.7582999999999999,0.847342914012739,0.7680431466638988,28.600000000000005,39.072669748007655,132.4,0.0,0.0,22.873333333333335,92.05,0.0
2018-07-25 01:00:00,0.8310408649610644,0.8241170762744762,0.8095687632696391,0.8094,0.7582303554491171,0.8469265753107922,0.7676079141899487,28.923460721868366,39.084323316970966,132.4,0.0,0.0,22.265,92.18333333333334,0.0
2018-07-25 02:00:00,0.82943802534269,0.8236562622570117,0.8092472954408136,0.8092,0.7581124536301007,0.8464518553022863,0.7670834043860272,29.0,39.08826937325111,132.4,0.0,0.0,21.724999999999998,92.83333333333333,0.0
2018-07-25 03:00:00,0.8282298920032809,0.8230170400730442,0.8089453803091214,0.8087,0.7579890229917066,0.8460453803091214,0.7666582653607148,29.0,39.0961986207592,132.4,0.0,0.0,22.075,94.03333333333335,0.0
2018-07-25 04:00:00,0.8273272230275907,0.8224230095541402,0.8087820887864078,0.8087,0.7577716029723992,0.8456416694658134,0.7663656050955413,28.731210191082805,39.10756126711268,132.4,0.0,0.0,21.498333333333335,93.94999999999999,0.14166666666666666
2018-07-25 05:00:00,0.8263328987473798,0.8216896590905255,0.8086522649100956,0.8085,0.7575806191541861,0.8452458067940553,0.7658858125829089,28.600000000000005,39.11741918388977,132.4,0.0,0.0,21.013333333333332,93.75,18.283333333333335
2018-07-25 06:00:00,0.8254496273109003,0.8208548436925124,0.8080909386297126,0.8077930047694754,0.7573322452229299,0.8449851616322204,0.7655825636942675,28.600000000000005,39.11993564225053,132.4,0.0,0.0,22.49,89.56666666666668,125.91666666666667
2018-07-25 07:00:00,0.8244387252155053,0.8200639738999337,0.8077168987477862,0.8074923566878981,0.7570278063910983,0.8445658057860844,0.7651593949044586,28.600000000000005,39.126498255654646,132.4,0.0,0.0,24.616666666666664,81.14999999999999,268.09999999999997
2018-07-25 08:00:00,0.8297208735430822,0.8215980891719745,0.8070189678625797,0.806646178343949,0.7565234341825903,0.8441792145977,0.7648884023354565,28.600000000000005,39.13499734607219,133.4,1.0,1.0,26.10166666666667,74.19,428.8666666666666
2018-07-25 09:00:00,0.8617301220806795,0.8602937101910828,0.8387754511677282,0.8077592356687898,0.7728505042462844,0.8439376592356688,0.7645908174097663,28.478821656050954,39.135,147.8,14.400000000000006,1.0,28.011666666666667,64.25833333333334,628.3
2018-07-25 10:00:00,0.8634946125265394,0.8609261677282379,0.8527812898089172,0.852,0.8245863853503185,0.8552652866242038,0.7659864384288747,28.322558386411888,39.135,162.6,14.799999999999983,1.0,28.968333333333334,60.01499999999999,751.8000000000001
2018-07-25 11:00:00,0.8659688063589295,0.8635044303663522,0.8525145960950437,0.8505149681528663,0.8213330627342822,0.8604818669006525,0.7716254302156665,28.2,39.13287420382165,174.8,12.200000000000017,1.0,29.733333333333334,55.18166666666667,831.6666666666666
2018-07-25 12:00:00,0.8620739932428543,0.8531496149476664,0.8399079702065916,0.8358950558213716,0.7982049825695778,0.8566664653998922,0.7733368833321482,28.362732589048377,39.11790648163668,175.2,0.3999999999999772,1.0,30.385,50.971666666666664,854.5
2018-07-25 13:00:00,0.8579784938761851,0.8462911945385997,0.832005092091079,0.829362101910828,0.7871718092137531,0.8548683319552097,0.7728663481953291,28.399999999999995,39.1063654751509,175.2,0.0,0.0,31.228333333333335,42.98666666666667,830.6666666666666
2018-07-25 14:00:00,0.8529743835448488,0.8426840858112113,0.8264988764437718,0.8248190251572327,0.7804415784395085,0.8537649424178086,0.7724347616290291,28.399999999999995,39.09405631655402,175.2,0.0,0.0,31.531666666666666,42.28666666666667,756.3833333333333
2018-07-25 15:00:00,0.8493634032863668,0.8395589427343498,0.8227880977134401,0.8216210191082802,0.7749596490355787,0.8531963215286624,0.7722349149893842,28.399999999999995,39.08624514225053,175.2,0.0,0.0,31.011666666666667,49.71,642.7333333333333
2018-07-25 16:00:00,0.846117045073599,0.8361081054002987,0.8196879090096405,0.818874203821656,0.7705322976665752,0.8524531466187182,0.7720094098883573,28.595010615711256,39.0825,175.2,0.0,0.0,29.83,57.81333333333333,484.13333333333327
2018-07-25 17:00:00,0.8436607990735379,0.8336337634220178,0.817675439739331,0.8170272727272727,0.7670780621755605,0.8518782377919321,0.771829617834395,28.600000000000005,39.0825,175.2,0.0,0.0,28.573333333333334,61.29333333333333,305.90000000000003
2018-07-25 18:00:00,0.8416102673153958,0.8314754788554106,0.8163061884230243,0.8157,0.7646087254247419,0.8513655955177734,0.7713846241801936,28.600000000000005,39.0825,175.2,0.0,0.0,27.28833333333333,67.05999999999999,136.28666666666666
2018-07-25 19:00:00,0.8398195001916374,0.830036839291748,0.815263856276886,0.815,0.762944084514678,0.8508130955893106,0.7708865621737749,28.600000000000005,39.0825,175.2,0.0,0.0,25.778333333333332,74.25,18.833333333333332
2018-07-25 20:00:00,0.8383104222572141,0.8292142682163242,0.8146761942675159,0.8145,0.7619233037224186,0.850189702760085,0.7703329109411022,28.600000000000005,39.0825,175.2,0.0,0.0,24.245,81.28333333333333,0.10333333333333332
2018-07-25 21:00:00,0.836482744791184,0.8285507165605095,0.8143638575028248,0.8141649921507065,0.7615864992150706,0.849602477904979,0.7697550601974704,28.618001046572477,39.084147591762125,175.2,0.0,0.0,23.31833333333333,84.64999999999999,0.0
2018-07-25 22:00:00,0.8349501592356687,0.828057477620933,0.8136958110977219,0.8136,0.7613522292993631,0.8490572983014862,0.7691656890170425,29.0,39.09868028059907,175.2,0.0,0.0,22.733333333333334,86.26666666666667,0.0
2018-07-25 23:00:00,0.8336729144937368,0.8274722194093682,0.8135651804670913,0.8134471337579617,0.7612411788333856,0.8484722194093681,0.7685438959660297,29.0,39.10851200301088,175.2,0.0,0.0,22.138333333333335,86.73333333333333,0.0
2018-07-26 00:00:00,0.8323452354612012,0.8267614446312179,0.8133211618887528,0.813010333863275,0.7611696921443736,0.8479456500055694,0.7680340230592151,29.0,39.11505166931638,175.2,0.0,0.0,21.605,88.89999999999999,0.0
2018-07-26 01:00:00,0.8309005259918671,0.8260675990596895,0.8128941058330718,0.8127,0.7609546899841018,0.8475134589323009,0.767580657127716,29.0,39.12345788947236,175.2,0.0,0.0,22.314999999999998,87.88333333333333,0.0
2018-07-26 02:00:00,0.8294726966100608,0.8255552918223582,0.8124131955484897,0.812218759936407,0.7606654939596772,0.8470987261146496,0.7670184904087303,29.0,39.13342016191913,175.2,0.0,0.0,22.179999999999996,88.55,0.0
2018-07-26 03:00:00,0.8285569726151779,0.8247758951204857,0.8120076408649188,0.8118092209856915,0.7603439490445859,0.8466682710483058,0.7665530592319558,29.0,39.14194930997877,175.2,0.0,0.0,21.444999999999997,89.38333333333333,0.0
2018-07-26 04:00:00,0.8275264464539474,0.8239961759389588,0.8115606157112527,0.8115,0.7600476608727499,0.8462439587067397,0.7662643577494692,28.906050955414013,39.14498142250531,175.2,0.0,0.0,21.029999999999998,89.85000000000001,0.09833333333333331
2018-07-26 05:00:00,0.8264274350737023,0.8230063913248206,0.8114451605689617,0.8112718600953895,0.7596271860095389,0.8458915289915243,0.7658923279967866,28.600000000000005,39.15110119755855,175.2,0.0,0.0,21.136666666666667,90.01666666666667,13.601666666666667
2018-07-26 06:00:00,0.8253289682760693,0.8221397261349023,0.8107359830418654,0.8106,0.7592745892951775,0.845396880980831,0.7656268945416004,28.600000000000005,39.15665010598834,175.2,0.0,0.0,22.791666666666668,86.10000000000001,69.34666666666666
2018-07-26 07:00:00,0.8243562964331885,0.8213736948497767,0.8101003271630566,0.8099,0.758814799634779,0.8449571253531537,0.7652119957537155,28.600000000000005,39.16451396518755,175.2,0.0,0.0,24.716666666666665,79.55,174.64999999999998
2018-07-26 08:00:00,0.8290009409682767,0.8225759411275083,0.8095457617194083,0.8094,0.7582408772284568,0.8445732298722745,0.7649198766555454,28.520966029723994,39.1675,177.2,2.0,1.0,25.791666666666668,74.09333333333332,313.18333333333334
2018-07-26 09:00:00,0.8591469214437367,0.860691719745223,0.8416184713375796,0.8108847133757962,0.7866868365180467,0.8456409766454352,0.7645303609341826,28.399999999999995,39.1675,192.0,14.800000000000011,1.0,27.584999999999997,64.98333333333333,604.2166666666667
2018-07-26 10:00:00,0.8624400109363766,0.8627862358611891,0.8542772448119168,0.8535509554140128,0.8269685451893997,0.8582922033176357,0.7670103532727756,28.235881104033968,39.16662962172851,205.2,13.199999999999989,1.0,29.386666666666667,55.98666666666667,738.1
2018-07-26 11:00:00,0.8661340490896223,0.8653773263560852,0.8544323193382026,0.8521474522292994,0.826437755445843,0.8618966336597622,0.7737178411249607,28.2,39.16325201076301,220.0,14.800000000000011,1.0,30.97,47.678333333333335,817.1666666666666
2018-07-26 12:00:00,0.8621913102699811,0.8538992968572754,0.8420807810759285,0.8378968152866242,0.8008342630546159,0.8579273530646728,0.7755919111497137,28.311624203821655,39.14543276165951,220.0,0.0,0.0,32.155,42.00333333333334,842.8333333333334
2018-07-26 13:00:00,0.8600813428874735,0.847615821938798,0.833519979801366,0.8305592356687899,0.7889120666944335,0.8558365976645436,0.7750122346072187,28.399999999999995,39.132777335456474,220.0,0.0,0.0,33.185,42.788333333333334,816.1666666666666
2018-07-26 14:00:00,0.8558341304005527,0.8441250539674315,0.8278569601479089,0.8260195859872611,0.7818561590172594,0.8546316491261932,0.7745074983830934,28.399999999999995,39.12537628527142,220.0,0.0,0.0,32.755,46.435,745.9333333333334
2018-07-26 15:00:00,0.8522060232983965,0.8407314618948877,0.8239538075199788,0.8225318471337579,0.7763786541320856,0.8537644879128107,0.7742257645174507,28.44883227176221,39.11938959660297,220.0,0.0,0.0,32.29666666666667,47.431666666666665,629.9666666666667
2018-07-26 16:00:00,0.8489356193937362,0.837887052260791,0.8210669546622782,0.820122770700637,0.7722347244232469,0.8530079200062982,0.7737904306220096,28.600000000000005,39.11880525947541,220.0,0.0,0.0,31.25,47.82833333333334,481.7833333333333
2018-07-26 17:00:00,0.8461466560509554,0.8351474463881186,0.8189703349282297,0.818144019138756,0.7688978415567002,0.8523355626326964,0.7735347722955334,28.600000000000005,39.11925837320574,220.0,0.0,0.0,30.213333333333335,50.66,308.68333333333334
2018-07-26 18:00:00,0.84389909398206,0.8330973613100499,0.8175400630085637,0.8169751592356688,0.7664409085829803,0.8516965081167017,0.7730913179735674,28.600000000000005,39.11819532908705,220.0,0.0,0.0,28.786666666666665,52.904999999999994,137.04666666666665
2018-07-26 19:00:00,0.8419217235631541,0.8317002123142251,0.8163290875144337,0.815949203821656,0.7646072061124148,0.8511438838603941,0.7726134824188922,28.623885350318474,39.12,220.0,0.0,0.0,26.72,61.93000000000001,18.605
2018-07-26 20:00:00,0.839565321740399,0.8306237599110914,0.8152865445859873,0.8152,0.7635585565333036,0.8505237599110913,0.7720426390539658,29.0,39.11822120488323,220.0,0.0,0.0,24.596666666666668,75.31666666666666,0.07333333333333332
2018-07-26 21:00:00,0.8377462915894537,0.8299854759264697,0.8152543789808918,0.8152,0.7630666666666667,0.8499110827856707,0.7712269639065817,29.0,39.11862004614206,220.0,0.0,0.0,23.343333333333334,81.38333333333334,0.0
2018-07-26 22:00:00,0.8359661699728953,0.8295449555962856,0.8151651614803264,0.8150715421303656,0.763,0.8493494426751593,0.7706019449198168,29.0,39.130412259627555,220.0,0.0,0.0,22.41,84.55,0.0
2018-07-26 23:00:00,0.8345175333070051,0.8288791931215592,0.8150164108094606,0.8148655007949125,0.7628291544307514,0.8488070237528649,0.7699968291258662,29.0,39.14188893312102,220.0,0.0,0.0,21.76,87.35000000000001,0.0
2018-07-27 00:00:00,0.8333347668762805,0.8281677625405472,0.8148597374678913,0.8147966560509554,0.7626996284501062,0.8482677547770701,0.7694325488002053,29.0,39.15274460016405,220.0,0.0,0.0,21.526666666666667,88.14999999999999,0.0
2018-07-27 01:00:00,0.8316715801038956,0.8275569129123502,0.8144421709129511,0.8143,0.7626056607562978,0.8477175334335835,0.7688989749678491,29.0,39.16233025410199,220.0,0.0,0.0,21.16,88.8,0.0
2018-07-27 02:00:00,0.8301975522800472,0.8266429460275204,0.8141041177456435,0.8138,0.7624495941604265,0.8472294483363111,0.7683710829881961,29.0,39.17250839040443,220.0,0.0,0.0,20.81833333333333,88.98333333333335,0.0
2018-07-27 03:00:00,0.8290865417168761,0.8261489620990417,0.8135777801687037,0.8134,0.7621333297469444,0.8467810810810811,0.7679456776840535,29.0,39.180795263814765,220.0,0.0,0.0,20.553333333333335,89.78333333333335,0.0
2018-07-27 04:00:00,0.8277741670295248,0.8252104172362696,0.8131115262321145,0.8129149443561208,0.7618282458929517,0.8464620038547354,0.7675526270931853,29.0,39.18836048440723,220.0,0.0,0.0,20.353333333333335,91.23333333333333,0.12166666666666665
2018-07-27 05:00:00,0.8266095695405035,0.8243901719863364,0.8125667197452229,0.8124,0.7616736730360935,0.8460015475057298,0.7671433121019109,29.0,39.19407922628511,220.0,0.0,0.0,20.678333333333335,91.41666666666667,17.099999999999998
2018-07-27 06:00:00,0.8254833333333332,0.823243834491104,0.8121131198967796,0.8119364649681529,0.7612370753715498,0.8456113067029188,0.7666718949044586,28.835138004246286,39.19852735908445,220.0,0.0,0.0,22.05666666666666,88.23333333333333,127.15666666666665
2018-07-27 07:00:00,0.8244110668789809,0.8224458864118896,0.8117953639805036,0.8114777070063695,0.7608953306059901,0.845226592356688,0.7664210191082802,28.600000000000005,39.2065589885033,220.0,0.0,0.0,24.98333333333333,76.23333333333333,295.3666666666666
2018-07-27 08:00:00,0.8269723582237164,0.8217876410083744,0.8108860403397028,0.8106,0.7600814405216382,0.8448723725270794,0.7660241953830939,28.600000000000005,39.21,220.8,0.8000000000000114,1.0,26.55333333333333,69.25166666666667,465.8500000000001
2018-07-27 09:00:00,0.8591062950534769,0.8600655273950911,0.8428085262105349,0.811716427432217,0.7968675076697916,0.8485179926521308,0.7659174097664544,28.476417594064653,39.20845521992581,234.8,14.0,1.0,27.959999999999997,61.695,617.5833333333334
2018-07-27 10:00:00,0.8631246050551008,0.8637886770554063,0.8546859260658239,0.8543229299363058,0.8181847767045811,0.8543803139154426,0.7672082200127966,28.320148856990958,39.208063296178345,250.4,15.599999999999996,1.0,29.679999999999996,48.365,745.5
2018-07-27 11:00:00,0.8659678313050044,0.8648178785423798,0.8551561780645883,0.8537194267515924,0.8215548629523529,0.8586451517775814,0.7707695736699884,28.2,39.20730069510052,264.4,13.999999999999972,1.0,31.615,42.18666666666667,818.3333333333334
2018-07-27 12:00:00,0.8623541206991132,0.854567030174355,0.8439023273296152,0.8395103668261562,0.8033932627058381,0.8580101132850463,0.7741127123142251,28.2,39.19001117549109,264.4,0.0,0.0,32.36166666666667,45.87833333333333,840.5
2018-07-27 13:00:00,0.8602858200409425,0.8475401460598296,0.8346192936626133,0.8315368421052631,0.790299254650131,0.8562365993680698,0.7739655802861686,28.2170653907496,39.17413813694267,264.4,0.0,0.0,32.733333333333334,43.225,826.5
2018-07-27 14:00:00,0.8560450107926924,0.8441987508907798,0.8282023589381544,0.8261280701754387,0.7827879883280876,0.8552231576930996,0.773717728237792,28.399999999999995,39.17239766081871,264.4,0.0,0.0,32.75666666666667,38.255,761.1666666666666
2018-07-27 15:00:00,0.8522511612548039,0.8408730655136173,0.8237058507489509,0.8220222929936305,0.7770051894712117,0.8544680650368925,0.7735618101046876,28.399999999999995,39.165692276236804,264.4,0.0,0.0,32.48166666666666,37.45166666666666,644.1666666666666
2018-07-27 16:00:00,0.8485615738013798,0.8375330611664188,0.8205006072599317,0.8192087719298246,0.7725815921414037,0.8538049536271264,0.7734652177152009,28.399999999999995,39.16090244550771,264.4,0.0,0.0,31.731666666666666,40.75666666666667,492.51666666666665
2018-07-27 17:00:00,0.8454363736679568,0.8346839447949153,0.8178379925639229,0.8170127388535032,0.7691201337461101,0.8531852176220807,0.7732374086998038,28.553768577494694,39.16,264.4,0.0,0.0,30.168333333333333,49.51500000000001,311.9833333333333
2018-07-27 18:00:00,0.8432325559483539,0.832404650341836,0.8160771025711354,0.815665923566879,0.7664354093651906,0.8527016779426854,0.7728202622944158,28.600000000000005,39.16,264.4,0.0,0.0,28.298333333333332,60.67333333333334,133.6833333333333
2018-07-27 19:00:00,0.8411487337335811,0.8308062708885706,0.8150778397027602,0.8148,0.7646305808673391,0.8521016719745224,0.7725125265392782,28.600000000000005,39.16,264.4,0.0,0.0,26.336666666666662,69.89666666666666,16.68166666666667
2018-07-27 20:00:00,0.8390918001919744,0.8296472542184373,0.8145373013413066,0.8140552547770701,0.7634949925844419,0.8515486560745834,0.7719963797765338,28.64235668789809,39.16,264.4,0.0,0.0,24.650000000000002,77.60000000000001,0.039999999999999966
2018-07-27 21:00:00,0.8371714101512527,0.829025610403397,0.8139750503782164,0.8138,0.7631303414411038,0.8510785492170703,0.7714218418259023,29.0,39.16235379030679,264.4,0.0,0.0,23.36,84.13333333333334,0.0
2018-07-27 22:00:00,0.8355048632277838,0.8284610659085462,0.8139384013650218,0.8138,0.7630574480437725,0.8504449375377626,0.7708230616622617,29.0,39.17859244782437,264.4,0.0,0.0,22.791666666666668,86.98333333333333,0.0
2018-07-27 23:00:00,0.8343186209954804,0.8281677795442501,0.8138522985377659,0.8138,0.763,0.8498790235908444,0.770239348171701,29.0,39.194442098172544,264.4,0.0,0.0,22.658333333333335,87.81666666666666,0.0
2018-07-28 00:00:00,0.8330599877134534,0.8275558210467868,0.8136422175360073,0.8136,0.762947770700637,0.8494466677805569,0.7696044149713596,29.0,39.20527814555845,264.4,0.0,0.0,22.24,87.58333333333333,0.0
2018-07-28 01:00:00,0.8316476127729454,0.8267998444772986,0.813471859757847,0.8133149681528663,0.7628290605095541,0.8489105958806314,0.7691860403397027,29.0,39.212849099099095,264.4,0.0,0.0,21.738333333333333,88.28333333333335,0.0
2018-07-28 02:00:00,0.8304310091423384,0.8264208766653502,0.8131169988506679,0.8129114649681528,0.7626647558386411,0.8485550368090083,0.7686805062884164,29.0,39.21805908850026,264.4,0.0,0.0,21.53,89.66666666666667,0.0
2018-07-28 03:00:00,0.829429818503404,0.8255331003868237,0.8127719130895601,0.8127,0.7625348261149872,0.8481112526539278,0.7683404923563503,29.0,39.22440972573829,264.4,0.0,0.0,21.31833333333333,90.23333333333333,0.0
2018-07-28 04:00:00,0.8282661063883291,0.8249060086782173,0.8122950419649698,0.812093799682035,0.7623215421303656,0.8477912231358372,0.7679170103693053,29.0,39.23157081409341,264.4,0.0,0.0,21.56833333333333,87.78333333333335,0.12499999999999996
2018-07-28 05:00:00,0.8270648484096687,0.8239741612913026,0.8119669657715041,0.811772972972973,0.762063097450204,0.8473585858151145,0.7675888888607604,28.91711711711712,39.23777783755093,264.4,0.0,0.0,21.611666666666665,83.11666666666666,17.436666666666667
2018-07-28 06:00:00,0.825945284193898,0.82316986800401,0.811728432047634,0.8115,0.7617288256221753,0.847097983014862,0.7671761268012111,28.600000000000005,39.240828025477704,264.4,0.0,0.0,21.766666666666666,76.89999999999999,132.34666666666666
2018-07-28 07:00:00,0.8248207109741813,0.8224192518201979,0.8112364711283032,0.811,0.7613578854566443,0.8467582138010997,0.7668105095541402,28.600000000000005,39.24435082140965,264.4,0.0,0.0,24.481666666666666,68.17166666666667,300.84999999999997
2018-07-28 08:00:00,0.8265804969638054,0.821847770700637,0.8105117569002123,0.8100232484076433,0.7607098494054189,0.8464462878342937,0.7665351081317361,28.600000000000005,39.24734010084926,266.0,1.6000000000000227,1.0,28.276666666666667,52.083333333333336,475.8666666666666
2018-07-28 09:00:00,0.855171162268488,0.8490042482253704,0.8260276859099639,0.8097982484076433,0.7774124025767993,0.8463402482709386,0.7663348640885171,28.45684713375796,39.245,281.4,15.399999999999977,1.0,32.43666666666667,31.666666666666668,632.1666666666666
2018-07-28 10:00:00,0.8614689590761792,0.8644324309978768,0.8544305152175459,0.8525840764331211,0.8138129595485529,0.8505983695486545,0.7668998855890449,28.399999999999995,39.245,294.4,13.0,1.0,35.395,22.088333333333335,757.8333333333334
2018-07-28 11:00:00,0.8643622249142447,0.8652498673036093,0.8550842322402706,0.8544896496815286,0.8188383088342358,0.857962283114416,0.7703041966767913,28.206528662420382,39.23962405228957,308.8,14.400000000000034,1.0,37.27,18.268333333333334,836.5
2018-07-28 12:00:00,0.8622613221555143,0.8569170229363702,0.8466889760833274,0.8420496815286624,0.8075544588103631,0.8591035031847133,0.7736917411205586,28.2,39.21949877165893,308.8,0.0,0.0,38.76,15.995,862.0
2018-07-28 13:00:00,0.8594284020645611,0.8492546365431045,0.8372729575337687,0.8339264331210191,0.7952621147783568,0.8579091993095554,0.7738982484076433,28.2,39.208452096602976,308.8,0.0,0.0,39.526666666666664,15.196666666666665,833.6666666666666
2018-07-28 14:00:00,0.8562881634819534,0.8457543789808918,0.8300726114649682,0.8276149681528663,0.7875024681528662,0.8570820859872611,0.7738047239915075,28.2,39.1975,308.8,0.0,0.0,38.88333333333333,24.078333333333333,738.1333333333333
2018-07-28 15:00:00,0.8523004096022241,0.8425655635300372,0.8253394488803557,0.8238366242038216,0.7819525777384979,0.8565261331044267,0.7736130573248409,28.391348195329087,39.1975,308.8,0.0,0.0,36.695,32.49,620.2333333333332
2018-07-28 16:00:00,0.8487156541106676,0.839299013983279,0.8220636636648077,0.8207734076433121,0.7778249730797753,0.8558701167728238,0.7734915605095541,28.399999999999995,39.1975,308.8,0.0,0.0,36.751666666666665,28.906666666666666,471.26666666666665
2018-07-28 17:00:00,0.8460898401971441,0.8361613104731526,0.8193428965738511,0.818503821656051,0.7744098420934115,0.8552703556263269,0.7733,28.399999999999995,39.1975,308.8,0.0,0.0,35.251666666666665,33.845,301.0833333333333
2018-07-28 18:00:00,0.8441500530785563,0.8339588568385836,0.8174373484679175,0.8169,0.771621178767223,0.8548136146496815,0.7729854641791701,28.59808917197452,39.1975,308.8,0.0,0.0,32.38333333333333,45.72666666666667,134.17333333333332
2018-07-28 19:00:00,0.8423780039830606,0.8321726476664,0.8163095806794055,0.816,0.7693463859251771,0.8543380404477164,0.7726563694267515,28.600000000000005,39.1975,308.8,0.0,0.0,29.603333333333335,52.73,17.919999999999998
2018-07-28 20:00:00,0.8405000055643325,0.8311476393087682,0.8157295382165605,0.8157,0.7680498502613994,0.8538765982942773,0.7722129596449615,28.600000000000005,39.1975,308.8,0.0,0.0,26.886666666666667,64.77,0.06333333333333331
2018-07-28 21:00:00,0.8384224042887775,0.8305818433009028,0.8152219991115919,0.8150118971061093,0.7673921889598487,0.8534872234879224,0.7716694111179877,28.94256900212314,39.197872354497356,308.8,0.0,0.0,24.893333333333334,74.96666666666665,0.0
2018-07-28 22:00:00,0.8370351945848059,0.8300418177299228,0.8153019154984348,0.8151846031746032,0.7671677312464742,0.8529534622982721,0.7710147476662286,29.0,39.20851884108591,308.8,0.0,0.0,23.965000000000003,80.96666666666667,0.0
2018-07-28 23:00:00,0.835533182240877,0.829648991507431,0.8153742726803236,0.8153184713375796,0.7670489915074311,0.8523702156727727,0.7704294726489321,29.0,39.222842114079235,308.8,0.0,0.0,23.155,82.0,0.0
2018-07-29 00:00:00,0.8341343508551639,0.8292624559507052,0.8154437898089172,0.8152644904458599,0.767,0.8519597929936306,0.7699276629570747,29.0,39.232712201359284,308.8,0.0,0.0,22.8,87.45,0.0
2018-07-29 01:00:00,0.8329158526407636,0.8286246834273389,0.815138261791203,0.815,0.767,0.8514270393895207,0.7695130202795527,29.167461579226284,39.24145916242207,308.8,0.0,0.0,22.641666666666666,88.88333333333333,0.0
2018-07-29 02:00:00,0.8315729155485573,0.8280637542235003,0.8149473237943825,0.8148,0.7668687174060534,0.8510124867936502,0.7690473237943826,29.2,39.25187610017755,308.8,0.0,0.0,22.06,87.01666666666667,0.0
2018-07-29 03:00:00,0.8299893382563904,0.8272681883082033,0.814747715765597,0.8145792993630573,0.7666651438437313,0.8507386175609856,0.7686340954198859,29.2,39.26163983203886,308.8,0.0,0.0,21.05333333333333,85.5,0.0
2018-07-29 04:00:00,0.828957403066236,0.8266608859140144,0.8145912697588934,0.8145,0.7664565933861924,0.8503301417847222,0.7682608859140144,29.060881104033967,39.262064177797136,308.8,0.0,0.0,20.585,82.96666666666667,0.11166666666666668
2018-07-29 05:00:00,0.827809376297429,0.825939755416713,0.814277694601683,0.8141,0.7662988127786835,0.8501080072672899,0.7678437466878644,29.0,39.2625,308.8,0.0,0.0,20.223333333333333,83.9,17.23
2018-07-29 06:00:00,0.8265037749064162,0.8252688428874735,0.8138360869205661,0.8136,0.7659153439220412,0.8497709326974032,0.7675057763645999,29.0,39.2625,308.8,0.0,0.0,22.37333333333333,80.78333333333333,132.64
2018-07-29 07:00:00,0.8253910652925311,0.8242691101789313,0.8132830699236142,0.8130643879173292,0.7655412559618441,0.8494940742728492,0.7673045382165604,29.0,39.26540973544264,308.8,0.0,0.0,25.748333333333335,69.66833333333334,301.6166666666667
2018-07-29 08:00:00,0.8277684782993934,0.8234585502887676,0.8127115226879184,0.8124143312101911,0.7649346118598929,0.8492023885350318,0.7669313163481953,28.939490445859875,39.274218418259025,309.6,0.8000000000000114,1.0,28.028333333333336,54.903333333333336,475.5
2018-07-29 09:00:00,0.861676970340077,0.8563618222738345,0.8370354017206204,0.8124414944356121,0.7810950643443194,0.8491452793350627,0.7667319554848967,28.600000000000005,39.28232710651828,324.4,14.799999999999955,1.0,29.848333333333333,53.928333333333335,622.4
2018-07-29 10:00:00,0.8647587831980722,0.8653412485359094,0.857769720666714,0.8572,0.8248542881586417,0.8568622276509318,0.7676520465439656,28.517993630573248,39.2825,340.0,15.600000000000023,1.0,31.365,52.18166666666667,741.7666666666668
2018-07-29 11:00:00,0.867302229511,0.864816633566642,0.8571808976032534,0.8555221690590111,0.8273684523325783,0.8644271829085356,0.7716917698608614,28.399999999999995,39.28328097645919,352.0,12.0,1.0,32.52333333333333,49.53333333333333,820.1666666666666
2018-07-29 12:00:00,0.8651211811375572,0.8558713878645658,0.8475216616381719,0.8429210526315789,0.8082012291876187,0.8627406972846128,0.7752019108280255,28.399999999999995,39.273818443401495,352.0,0.0,0.0,33.663333333333334,44.166666666666664,848.8333333333334
2018-07-29 13:00:00,0.8628584129511677,0.8490910297239914,0.8380206740976646,0.8347101910828026,0.7955249734607218,0.8610565286624204,0.7752111995753715,28.399999999999995,39.26710522823779,352.0,0.0,0.0,34.14833333333333,43.79333333333333,818.6666666666666
2018-07-29 14:00:00,0.8584000286979755,0.8454962774747136,0.8309231894879062,0.8283215311004785,0.787738042340942,0.8599706311353562,0.7749852441613588,28.410313662945242,39.258631900212315,352.0,0.0,0.0,34.02333333333333,43.67166666666666,738.7333333333332
2018-07-29 15:00:00,0.8539484280743229,0.8419571598751503,0.8255962408734931,0.8238698564593301,0.7819133993395649,0.8591642103205198,0.7747933917197453,28.600000000000005,39.251917639,352.0,0.0,0.0,33.39666666666667,44.59833333333333,616.1999999999999
2018-07-29 16:00:00,0.8500106157112527,0.8386101910828025,0.8219231422505308,0.8207114649681528,0.7775016985138005,0.8585004246284501,0.7745303609341825,28.600000000000005,39.24793524416136,352.0,0.0,0.0,32.733333333333334,44.77333333333333,463.29999999999995
2018-07-29 17:00:00,0.8469073944270056,0.8357340646237773,0.8191777482755819,0.8179466560509554,0.7741392297514197,0.8579355360934183,0.7744437202226759,28.703715498938433,39.2475,352.0,0.0,0.0,31.68166666666667,50.873333333333335,293.45
2018-07-29 18:00:00,0.8445273443029017,0.8331970099079973,0.8169514419674452,0.8163509554140128,0.7713706829440906,0.8574096072186838,0.7742525654635527,29.0,39.2475,352.0,0.0,0.0,29.743333333333336,57.81166666666667,128.94833333333332
2018-07-29 19:00:00,0.8425184767385286,0.8314652071333516,0.815872611549623,0.8155044657097289,0.7695955414859287,0.8569581263354026,0.7740111465814702,29.0,39.2475,352.0,0.0,0.0,27.973333333333333,62.849999999999994,16.235
2018-07-29 20:00:00,0.8407983545647558,0.8304993099787685,0.8153078025477707,0.8152,0.7684245222929936,0.8564082271762209,0.7734437367303609,29.0,39.2475,352.0,0.0,0.0,26.046666666666667,72.81333333333333,0.046666666666666655
2018-07-29 21:00:00,0.8387475669093597,0.8301588078758789,0.8150111464968153,0.815,0.7679808184730254,0.8558487754802385,0.7728480594682355,29.188853503184713,39.248738057324836,352.0,0.0,0.0,24.66,78.86666666666666,0.0
2018-07-29 22:00:00,0.8372369384366071,0.829689825119237,0.8150353046336778,0.815,0.7678601483836779,0.8553073796351675,0.7723545761040417,29.2,39.259437167118,352.0,0.0,0.0,24.046666666666667,80.75,0.0
2018-07-29 23:00:00,0.8356363789276743,0.8292446823692816,0.8150285638579756,0.815,0.7677703442546081,0.854870118227637,0.7716344569799457,29.2,39.27200520468666,352.0,0.0,0.0,23.88,80.03333333333335,0.0
2018-07-30 00:00:00,0.8342784279549313,0.8284970276008492,0.815006263269639,0.815,0.7677,0.8542876444681848,0.7711072452229298,29.2,39.280846602972396,352.0,0.0,0.0,24.06833333333333,79.26666666666667,0.0
2018-07-30 01:00:00,0.8330814853725963,0.8277949575371549,0.8148849548030608,0.8148,0.7674751592356688,0.8537849496555379,0.7706191875605467,29.2,39.29149211500748,352.0,0.0,0.0,24.223333333333333,76.45,0.0
2018-07-30 02:00:00,0.8318963447523958,0.8272629341640254,0.8146932324840764,0.8145,0.767118263833335,0.8535219660837309,0.7702159309084281,29.2,39.29382551669317,352.0,0.0,0.0,23.77333333333333,77.31666666666666,0.0
2018-07-30 03:00:00,0.830293988881793,0.826497294105374,0.8143438357146956,0.8141,0.7669089968152867,0.8530613825681482,0.7698613825681484,29.2,39.297822482819086,352.0,0.0,0.0,23.054999999999996,74.66833333333334,0.0
2018-07-30 04:00:00,0.8288813161551714,0.8257707535224749,0.8139675184905486,0.8137366242038216,0.7666187207488299,0.8528037658898019,0.7693456950924477,29.2,39.3,352.0,0.0,0.0,22.53833333333333,68.00833333333334,0.10333333333333332
2018-07-30 05:00:00,0.8279380137818598,0.825028792627397,0.8135962458524467,0.8133866242038217,0.7663068929973434,0.8524288216560509,0.7689046564830098,29.2,39.30219660837308,352.0,0.0,0.0,22.111666666666665,65.47333333333333,17.093333333333337
2018-07-30 06:00:00,0.8266441329471804,0.8243421227996426,0.8129949184176671,0.8128421655139518,0.7659395123992837,0.8521252310832739,0.7684600530633657,29.196144367596787,39.30461292065389,352.0,0.0,0.0,24.039999999999996,62.875,135.85
2018-07-30 07:00:00,0.8254190794180778,0.8235550441211543,0.8126275220605772,0.8124844264249941,0.7653095397090389,0.8518275220605771,0.7681275220605771,29.091008824230858,39.306362389697114,352.0,0.0,0.0,26.666666666666668,56.928333333333335,299.1166666666666
2018-07-30 08:00:00,0.8276097814328004,0.8228644788850298,0.8116533589274925,0.8113,0.7639047331895402,0.8515117303609342,0.7678651804670914,29.0,39.3075,1.4,1.4,1.0,28.843333333333334,48.625,465.5833333333333
2018-07-30 09:00:00,0.8556650232857481,0.8560821926088984,0.8411359644249435,0.8162375796178344,0.7948552095487992,0.8529799331412716,0.7679145468998411,28.98060413354531,39.3075,14.8,13.400000000000002,1.0,30.366666666666664,56.36000000000001,611.1
2018-07-30 10:00:00,0.8604862028769086,0.8610684355286015,0.8554923673544023,0.8548452229299364,0.8160077069301801,0.8559021542528876,0.7686221615670618,28.600000000000005,39.3075,30.8,16.0,1.0,30.564999999999998,60.33166666666667,728.4
2018-07-30 11:00:00,0.8627589491783917,0.8618023615869478,0.8558906853204274,0.8544808917197452,0.8213877010717588,0.8605339914790063,0.7704712298615731,28.539915074309977,39.3075,43.4,12.599999999999998,1.0,30.838333333333335,59.53333333333333,802.1666666666666
2018-07-30 12:00:00,0.8613401217166637,0.855963225449263,0.847971323526922,0.844207643312102,0.8092822353606465,0.8633570726118035,0.7738892650101418,28.399999999999995,39.3075,43.4,0.0,0.0,31.476666666666663,55.88166666666667,827.0
2018-07-30 13:00:00,0.8602093949044586,0.8484670368620838,0.8397801788417193,0.8365267515923567,0.7974900084485484,0.862361703821656,0.7746288166190906,28.399999999999995,39.305039145435245,43.4,0.0,0.0,32.335,50.6,806.5
2018-07-30 14:00:00,0.8565540605095542,0.8448523089171974,0.8326828025477707,0.8302398089171975,0.7900151539278131,0.8615589171974523,0.7748457802547771,28.399999999999995,39.29871085456475,43.4,0.0,0.0,33.02166666666667,43.67333333333334,738.5333333333333
2018-07-30 15:00:00,0.852723697924603,0.8414976430412066,0.8272594078566421,0.8253741626794258,0.7843782367760745,0.8608837276553669,0.7747955480043478,28.56242038216561,39.293874734607215,43.4,0.0,0.0,33.318333333333335,39.54333333333333,621.65
2018-07-30 16:00:00,0.8490049153536708,0.8380205847022014,0.823283017655604,0.8219990445859873,0.7800022739970945,0.8603366256006257,0.7747741242038216,28.600000000000005,39.29014530254777,43.4,0.0,0.0,32.623333333333335,45.44166666666666,467.26666666666665
2018-07-30 17:00:00,0.846023500848241,0.8352952587389145,0.8205856070764636,0.8196674641148325,0.7765058701327726,0.8597775391359116,0.7746468066518352,28.600000000000005,39.29087048832272,43.4,0.0,0.0,31.421666666666667,51.89666666666667,296.8833333333334
2018-07-30 18:00:00,0.8440945109407857,0.8329319578622294,0.8184238133514157,0.8176,0.7738731187588251,0.8593192675159235,0.7743700636942675,28.801061571125263,39.29080940988836,43.4,0.0,0.0,29.958333333333332,59.31666666666666,130.73499999999999
2018-07-30 19:00:00,0.842615495768921,0.831442174727464,0.8170527117097576,0.8167736842105263,0.7720644900699604,0.858783864118896,0.7740639904610492,29.0,39.2925,43.4,0.0,0.0,27.74,71.03,16.026666666666667
2018-07-30 20:00:00,0.8411933168849067,0.8304865241418543,0.8165250796178344,0.8164,0.7709484872611466,0.8582040387532719,0.7737015706004057,29.0,39.2925,43.4,0.0,0.0,25.826666666666668,79.45,0.046666666666666655
2018-07-30 21:00:00,0.8395318042236691,0.8299967622080678,0.8163967622080679,0.8163805732484076,0.7704999999999999,0.8576881900212315,0.7732448926024188,29.00323779193206,39.29666003184713,43.4,0.0,0.0,24.531666666666666,85.25,0.0
2018-07-30 22:00:00,0.8383779811330626,0.8297024930888175,0.8162972399150744,0.8162,0.7703522317043533,0.8572052531737433,0.7727024930888176,29.2,39.316033859941804,43.4,0.0,0.0,23.911666666666665,88.5,0.0
2018-07-30 23:00:00,0.8370175260920343,0.8293620242760557,0.8163814225053079,0.8162885350318472,0.7702,0.8567097399150744,0.7721878348421484,29.2,39.33269128743768,43.4,0.0,0.0,23.558333333333334,88.86666666666667,0.0
2018-07-31 00:00:00,0.8358156322677117,0.8286960191082802,0.8163741766494857,0.8163023847376789,0.7700859696245516,0.8562845276852348,0.7717451704842722,29.2,39.34506434192716,43.4,0.0,0.0,22.873333333333335,89.53333333333335,0.0
2018-07-31 01:00:00,0.8346869980321273,0.8283683523538525,0.8162696793177592,0.8162,0.7697896316230056,0.855825271046618,0.7713202357565508,29.2,39.35437417618537,43.4,0.0,0.0,22.49,89.81666666666666,0.0
2018-07-31 02:00:00,0.8336153729506952,0.8276182855626327,0.8161402866242038,0.816,0.7694402866242038,0.8553820234153223,0.7708939490445861,29.2,39.361916214992625,43.4,0.0,0.0,22.311666666666667,91.46666666666665,0.0
2018-07-31 03:00:00,0.8322020609922399,0.8269643991406168,0.8159240063593005,0.8157,0.7693348354817912,0.8551696550146999,0.77061449044586,29.2,39.37038302844808,43.4,0.0,0.0,23.233333333333334,92.90000000000002,0.0
2018-07-31 04:00:00,0.8308984953199734,0.8263132128053493,0.8154914543524416,0.8152,0.7690145663085342,0.8548043752257315,0.7702459925690022,29.2,39.38058070071289,43.4,0.0,0.0,23.669999999999998,92.25,0.08166666666666665
2018-07-31 05:00:00,0.830392669083471,0.8256984015675473,0.8151543580110646,0.8148133545310016,0.7688631690514044,0.854431743508214,0.770028025477707,29.2,39.39592821125265,43.4,0.0,0.0,22.918333333333333,91.06666666666666,12.881666666666668
2018-07-31 06:00:00,0.8297283970276008,0.8251220276008492,0.8146623407643312,0.8145,0.7685082271762207,0.8539879777070064,0.7697468069324476,29.2,39.39995355626326,43.4,0.0,0.0,23.496666666666666,86.96666666666665,97.58666666666666
2018-07-31 07:00:00,0.8290886521814594,0.8245472474070237,0.8143344706704999,0.8142213375796179,0.7681408594338063,0.8536868949251445,0.7694758757961783,29.117250530785565,39.4,43.4,0.0,0.0,26.290000000000003,76.26666666666667,278.93333333333334
2018-07-31 08:00:00,0.8323815830489538,0.8243711008357552,0.8138151250257376,0.8136,0.7674747862090266,0.85335033847073,0.7690868454629226,29.0,39.4,45.6,2.200000000000003,1.0,27.651666666666667,71.70333333333333,419.8666666666666
2018-07-31 09:00:00,0.8602785562632697,0.8571125796178344,0.8372091825902336,0.814736305732484,0.7894519904458598,0.853426220806794,0.7690640658174098,29.0,39.3986803343949,58.6,13.0,1.0,29.316666666666666,64.18166666666667,607.3166666666666
2018-07-31 10:00:00,0.8632283704883227,0.8628416666666667,0.8551506369426752,0.8534726114649682,0.814627627388535,0.8562214968152867,0.7695210987261146,28.891188959660298,39.39869426751593,74.0,15.399999999999999,1.0,30.756666666666664,57.18333333333334,731.8333333333334
2018-07-31 11:00:00,0.8653184014973739,0.8632733475807353,0.857583864118896,0.856118152866242,0.8244628231273513,0.8639821856259545,0.7725555709204008,28.600000000000005,39.393534787406416,87.2,13.200000000000003,1.0,32.40166666666667,49.37166666666667,810.8333333333334
2018-07-31 12:00:00,0.8643696849063888,0.8584623087648188,0.8496116268704478,0.8456196172248804,0.8116825151870701,0.8664225679100763,0.7765772807271508,28.882296650717706,39.37700004888814,87.2,0.0,0.0,33.910000000000004,43.315,837.3333333333334
2018-07-31 13:00:00,0.8621292993630574,0.8500915870488323,0.8409011677282378,0.8375920382165606,0.7996422770700636,0.8650335721868365,0.7769477707006369,29.0,39.36400477707006,87.2,0.0,0.0,34.545,41.605,814.0
2018-07-31 14:00:00,0.8587422453668431,0.8451916235773762,0.8336926157315698,0.8311736842105263,0.7918790404040403,0.8642949290084893,0.7767648089171973,29.0,39.35423133869706,87.2,0.0,0.0,34.431666666666665,39.36666666666667,744.7666666666668
2018-07-31 15:00:00,0.854402985859263,0.8417074722670893,0.8283374351120999,0.8265171974522293,0.7860936971119171,0.863673760653806,0.7767,29.0,39.34543126326964,87.2,0.0,0.0,34.1,38.105,628.1833333333334
2018-07-31 16:00:00,0.8505622913682584,0.838327100285456,0.824488303543311,0.8232023885350319,0.7816451378518677,0.8631000970143946,0.7765957445727811,29.0,39.34282643312102,87.2,0.0,0.0,33.373333333333335,38.06333333333333,475.9833333333333
2018-07-31 17:00:00,0.847286033440337,0.8354949481828001,0.8213974428749445,0.8204541401273886,0.7782714343823756,0.8626607218683652,0.7765104613855619,29.198354564755835,39.3425,87.2,0.0,0.0,32.12333333333333,39.251666666666665,305.1166666666667
2018-07-31 18:00:00,0.8449081892508729,0.8331131702966643,0.819458215790151,0.8189073248407643,0.7755024302275183,0.8622253882268884,0.7763348195329086,29.2,39.3425,87.2,0.0,0.0,30.601666666666663,40.99333333333333,134.44833333333335
2018-07-31 19:00:00,0.8430747965244624,0.8314498751854552,0.8183319090510016,0.8180408585055644,0.7735380612201727,0.8617876258393523,0.7759528063064436,29.2,39.3425,87.2,0.0,0.0,27.794999999999998,59.193333333333335,15.898333333333333
2018-07-31 20:00:00,0.8410622145017049,0.8303058000386025,0.8176978768577494,0.8176,0.7722744161358811,0.8614630573248409,0.775475098114907,29.302123142250526,39.3425,87.2,0.0,0.0,25.39,70.29333333333334,0.03666666666666665
2018-07-31 21:00:00,0.8389098542153994,0.8297469214437366,0.8175083153591958,0.8174,0.7718690021231422,0.8609222929936305,0.7750138530812566,29.399999999999995,39.34277556968734,87.2,0.0,0.0,24.066666666666663,81.26666666666667,0.0
2018-07-31 22:00:00,0.8374386146496815,0.8293583598726114,0.8175741507430998,0.8175216560509554,0.7717127919320594,0.8604104830148621,0.7743801486199575,29.399999999999995,39.35572154875464,87.2,0.0,0.0,23.069999999999997,85.38333333333333,0.0
2018-07-31 23:00:00,0.8361948649239347,0.8288748009765103,0.8175433740409574,0.817424203821656,0.7717,0.8598853768577496,0.7737874203821656,29.399999999999995,39.36754301557084,87.2,0.0,0.0,22.233333333333334,89.68333333333334,0.0
2018-08-01 00:00:00,0.83472261239321,0.8282019639065817,0.8175641198242078,0.8174028616852146,0.7714999986076373,0.8594019639065817,0.7734019639065818,29.399999999999995,39.37957934083859,87.2,0.0,0.0,22.123333333333335,91.73333333333333,0.0
2018-08-01 01:00:00,0.833580786603838,0.827744009549077,0.8174064962726305,0.8174,0.7713806794055201,0.8589207316700921,0.7728665915427037,29.399999999999995,39.39023966659101,87.2,0.0,0.0,21.974999999999998,92.45,0.0
2018-08-01 02:00:00,0.8323177000529941,0.826826013175971,0.81711817700053,0.8170693163751988,0.7712123284018375,0.8586949788023318,0.772584682617237,29.399999999999995,39.40114821195306,87.2,0.0,0.0,22.599999999999998,92.35000000000001,0.0
2018-08-01 03:00:00,0.8308582049406095,0.8262049068551504,0.8168414745206052,0.8167,0.7711168720612708,0.8582487895726375,0.7721583864118896,29.399999999999995,39.41555043053544,87.2,0.0,0.0,22.281666666666666,90.73333333333333,0.0
2018-08-01 04:00:00,0.8297948610421962,0.8254672447925633,0.816392617523856,0.8162,0.770822565306033,0.8580397606486216,0.7717054670912952,29.399999999999995,39.418253052016986,87.2,0.0,0.0,21.753333333333334,90.05000000000001,0.07833333333333331
2018-08-01 05:00:00,0.8288395711185146,0.8248674825068605,0.8160791202967673,0.816,0.7705268373281488,0.857770985691574,0.7714094479830148,29.383651804670915,39.41761809978768,87.2,0.0,0.0,21.63,88.3,15.251666666666667
2018-08-01 06:00:00,0.8276652916072359,0.8242261595206432,0.8156403554449589,0.8154376811594203,0.7703253209073099,0.8574812391663333,0.7711660239979569,29.2,39.4175,87.2,0.0,0.0,22.651666666666667,84.76666666666667,126.45
2018-08-01 07:00:00,0.8263884401402151,0.823489651833362,0.8151495882403572,0.815,0.7698860389051472,0.857128821656051,0.7708738473767885,29.2,39.4175,87.2,0.0,0.0,25.72,75.53333333333333,289.15
2018-08-01 08:00:00,0.8299136793312608,0.8225077325077045,0.8143775424122136,0.8138979299363057,0.7691500572134516,0.8568949563557563,0.7706427133015369,29.2,39.418061305732486,88.4,1.2000000000000028,1.0,27.885,66.185,459.7
2018-08-01 09:00:00,0.8592265094499676,0.8507819821368908,0.828835361927618,0.8141144904458599,0.773138685987833,0.856638241118879,0.7705135034556087,29.01236730360934,39.4225,102.6,14.199999999999989,1.0,29.540000000000003,55.89333333333334,614.8833333333333
2018-08-01 10:00:00,0.8629355626326963,0.8635348195329087,0.8612425159235668,0.860306050955414,0.8162231687898088,0.862032430997877,0.7717314225053079,28.781847133757964,39.4229929670913,117.6,15.0,1.0,31.30666666666667,46.576666666666675,734.9333333333334
2018-08-01 11:00:00,0.8657558088003738,0.863681166424554,0.8604942776321716,0.8576402866242038,0.8327895143608393,0.8702142556557869,0.776276124511965,28.600000000000005,39.422599576260424,128.6,11.0,1.0,32.81166666666667,40.31,810.5
2018-08-01 12:00:00,0.8652452262972861,0.8583326055281368,0.8506932433867123,0.8470686305732484,0.8144873497460838,0.8703111174177587,0.7792250402941345,28.600000000000005,39.40720812682543,128.6,0.0,0.0,33.690000000000005,38.515,835.8333333333334
2018-08-01 13:00:00,0.8626810394846892,0.8514046783625732,0.8424471866672084,0.8392933121019108,0.8022427773799002,0.8686227365424273,0.7792797770700637,28.600000000000005,39.39186239384289,128.6,0.0,0.0,33.925,38.24166666666667,812.3333333333334
2018-08-01 14:00:00,0.858791469351683,0.847092339124989,0.835554687423597,0.8330251592356688,0.794624279675313,0.8677606460176692,0.7791955992204986,28.600000000000005,39.38072850318471,128.6,0.0,0.0,34.12166666666667,36.35,740.6833333333334
2018-08-01 15:00:00,0.8541852359963432,0.843492097053729,0.8300596428358763,0.8278348726114649,0.7889541560623413,0.8669456736163839,0.7791328025477707,28.723444976076554,39.37865445859873,128.6,0.0,0.0,33.92333333333333,33.61833333333333,622.4
2018-08-01 16:00:00,0.8502548273459135,0.8401276469258537,0.8257871248075491,0.8245265923566879,0.784420070065471,0.8664125796178345,0.779047419178264,29.0,39.37,128.6,0.0,0.0,32.64666666666667,39.221666666666664,469.68333333333334
2018-08-01 17:00:00,0.8468091010253388,0.8373782623841498,0.8229960967790544,0.8221654458598726,0.7809255783192298,0.8657987667489512,0.7788343401751338,29.0,39.370546916533755,128.6,0.0,0.0,31.12,52.36166666666667,297.1166666666667
2018-08-01 18:00:00,0.8447499734607219,0.8351287047054522,0.8211900936535993,0.8205993630573248,0.7784590584439771,0.8652341488552978,0.7785650743099787,29.0,39.37206484578436,128.6,0.0,0.0,29.62833333333333,59.846666666666664,128.73833333333332
2018-08-01 19:00:00,0.8430055559365021,0.8334710456475584,0.8200123015268339,0.8195525477707006,0.7765376199981714,0.8647600722274708,0.7781471072186837,29.094205209994684,39.3725,128.6,0.0,0.0,27.623333333333335,67.80166666666666,14.573333333333332
2018-08-01 20:00:00,0.8417298019638223,0.832216850796094,0.8193372097134602,0.819093799682035,0.775403912075245,0.864111703821656,0.7777294304139284,29.2,39.3725,128.6,0.0,0.0,25.58,76.23333333333333,0.01666666666666665
2018-08-01 21:00:00,0.8405039207439499,0.8317377388535032,0.8191651804670913,0.819040127388535,0.7748758564948851,0.8634917197452229,0.7770553449622858,29.2,39.383700356673735,128.6,0.0,0.0,24.616666666666664,79.08333333333333,0.0
2018-08-01 22:00:00,0.8390375678460401,0.8313164546899842,0.8191651745600979,0.8190222575516692,0.7745985572590199,0.862985453100159,0.7764150119490041,29.2,39.40052611376363,128.6,0.0,0.0,23.881666666666664,80.03333333333333,0.0
2018-08-01 23:00:00,0.8376685178340574,0.8307881900212314,0.8191303476856399,0.8190229299363057,0.774362480127186,0.8624385217833045,0.7758514729510327,29.2,39.41334278768746,128.6,0.0,0.0,23.228333333333335,81.14999999999999,0.0
2018-08-02 00:00:00,0.836353745962148,0.8303630828092986,0.8190476645435244,0.819,0.7741870488322719,0.8618759253727313,0.7752888259090863,29.2,39.42147065152451,128.6,0.0,0.0,22.666666666666668,78.83333333333333,0.0
2018-08-02 01:00:00,0.8351199255982064,0.8297249450237766,0.8189263910969794,0.8188,0.7739263910969795,0.8613811075781664,0.7748462880452577,29.2,39.42722664543525,128.6,0.0,0.0,21.833333333333332,77.53333333333335,0.0
2018-08-02 02:00:00,0.833290756103612,0.8289416230393001,0.8187053343949046,0.8185,0.7737477032343322,0.8609379961452648,0.7743329584924002,29.2,39.4275,128.6,0.0,0.0,21.126666666666665,71.93333333333334,0.0
2018-08-02 03:00:00,0.8319575142864858,0.8281714790943061,0.8183570441741854,0.8181847133757962,0.7734750353575756,0.8605126591934761,0.7739603539470531,29.2,39.4275,128.6,0.0,0.0,20.846666666666668,73.63333333333334,0.0
2018-08-02 04:00:00,0.8307792047245822,0.8274857779004182,0.8179279773779026,0.8178,0.7732009811516275,0.8601550079491256,0.7736201512865432,29.2,39.4275,128.6,0.0,0.0,20.578333333333333,74.13333333333334,0.06833333333333332
2018-08-02 05:00:00,0.8293117608241438,0.8266775062951673,0.817536526780621,0.8171100158982513,0.7727314049109056,0.8598067543939593,0.77335951245363,29.2,39.431011698167815,128.6,0.0,0.0,20.668333333333333,75.28333333333333,14.098333333333334
2018-08-02 06:00:00,0.8280303728747481,0.825895025847316,0.8170317950678291,0.8167477707006369,0.7724320539629176,0.8594750102950459,0.7730449023911511,29.2,39.43650020125971,128.6,0.0,0.0,22.508333333333336,72.65499999999999,119.90333333333332
2018-08-02 07:00:00,0.8267887865484136,0.8249059211416604,0.8165709856915738,0.8164,0.7718686472816016,0.8590838646674025,0.7727488274617818,29.079140127388538,39.44258586764453,128.6,0.0,0.0,26.078333333333333,65.56333333333333,280.55
2018-08-02 08:00:00,0.8431374502968687,0.8305171581707222,0.8189731850762341,0.8162,0.7726514957351506,0.8586718683651805,0.7723800159235669,29.0,39.44518415474298,136.8,8.200000000000017,1.0,28.406666666666666,57.66166666666667,448.5
2018-08-02 09:00:00,0.8618480891719745,0.8571721868365181,0.8412156050955414,0.8307356687898089,0.7889341295116773,0.8586996815286625,0.7723476114649682,28.93651804670913,39.45298832271762,150.0,13.199999999999989,1.0,31.045,46.796666666666674,600.0333333333333
2018-08-02 10:00:00,0.8650351188029507,0.8634591730704049,0.8589045647558385,0.8576414012738853,0.8214933232108002,0.8635318852475269,0.7738823300970331,28.600000000000005,39.45412899903463,166.8,16.80000000000001,1.0,32.72666666666667,42.654999999999994,716.6
2018-08-02 11:00:00,0.8687584432152567,0.8650622299935323,0.8595813428874735,0.8590853503184713,0.8283115864054559,0.8707317041941373,0.7785121642590843,28.481581740976647,39.45212379409245,182.0,15.199999999999989,1.0,33.84166666666667,39.038333333333334,793.1666666666666
2018-08-02 12:00:00,0.870322406211276,0.8617681489650556,0.8538330460751875,0.8509162679425837,0.8189277359436393,0.8718288384263811,0.7816045896362058,28.399999999999995,39.43939259296212,182.0,0.0,0.0,34.86333333333334,35.906666666666666,818.8333333333334
2018-08-02 13:00:00,0.8687192409766454,0.8554720806794055,0.8467516719745224,0.8437356687898089,0.807628635881104,0.8705502653927812,0.781794347133758,28.399999999999995,39.427936571125265,182.0,0.0,0.0,34.96,36.535000000000004,798.0
2018-08-02 14:00:00,0.8646613384938896,0.8514934384915193,0.8400615289671777,0.8374535885167463,0.8004441192007232,0.8697412173190165,0.7816911323256027,28.490339702760085,39.42030652866242,182.0,0.0,0.0,34.775,36.87166666666666,722.3333333333334
2018-08-02 15:00:00,0.8608528208054277,0.8481958558321955,0.8349413564721858,0.8333579617834395,0.7948992155583233,0.8690267143782974,0.7815166683965719,28.600000000000005,39.41502821960683,182.0,0.0,0.0,33.99666666666667,41.70666666666667,601.5666666666667
2018-08-02 16:00:00,0.8573716649227778,0.8449776008915842,0.8314322859588171,0.8299828025477707,0.7905783581456536,0.868458864135827,0.781422983014862,28.600000000000005,39.4125,182.0,0.0,0.0,32.973333333333336,47.56999999999999,447.15000000000003
2018-08-02 17:00:00,0.8544212325197202,0.8422096082501532,0.8284763981396795,0.8274539808917197,0.7872310471693663,0.8679508551560206,0.78133651559172,28.863583200425307,39.4125,182.0,0.0,0.0,31.855,50.156666666666666,281.7
2018-08-02 18:00:00,0.8523581451315932,0.8402249812506453,0.8266616309998924,0.8261340222575516,0.7846645001405163,0.8674698850529339,0.7809972178060414,29.0,39.4125,182.0,0.0,0.0,30.525000000000002,55.195,119.60333333333334
2018-08-02 19:00:00,0.8506661166379058,0.8386106531099334,0.8255744004560057,0.8252435816164818,0.7827059200469716,0.8668977576422647,0.7806067774701505,29.0,39.4125,182.0,0.0,0.0,28.55666666666667,64.84666666666666,13.24
2018-08-02 20:00:00,0.8489113412601554,0.8375803078556263,0.8249419967185468,0.8246181528662421,0.7812832687409242,0.8664022794958379,0.779989994364112,29.104906666666665,39.4125,182.0,0.0,0.0,26.506666666666664,73.36666666666666,0.013333333333333317
2018-08-02 21:00:00,0.8470553609341827,0.8370531847133758,0.8247058917197453,0.8246,0.7807054140127389,0.8657760084925691,0.7794938959660297,29.2,39.42164676220807,182.0,0.0,0.0,25.633333333333336,77.31666666666666,0.0
2018-08-02 22:00:00,0.8458649595877256,0.8366292769164819,0.8248851351351352,0.8248108108108108,0.780471576433121,0.8652655785562633,0.7789133220425372,29.2,39.43879629395226,182.0,0.0,0.0,25.08,78.93333333333334,0.0
2018-08-02 23:00:00,0.8444144958465397,0.8361517515923568,0.8249696873343932,0.8249,0.7801188959660297,0.8646388138419424,0.7782448101154733,29.2,39.45228729021735,182.0,0.0,0.0,24.201666666666664,81.61666666666666,0.0
2018-08-03 00:00:00,0.8429833991541186,0.8356082768793521,0.8249,0.8249,0.7800330148619957,0.8641274416135881,0.7776957599600349,29.2,39.46598386568003,182.0,0.0,0.0,23.865,81.98333333333333,0.0
2018-08-03 01:00:00,0.8416668926091697,0.8350402206346473,0.8247051027141792,0.8244,0.7797432927354105,0.8635783575773225,0.7771308917197453,29.257059447983014,39.47590116988007,182.0,0.0,0.0,23.311666666666667,77.58333333333333,0.0
2018-08-03 02:00:00,0.8404610695473566,0.8345639990058302,0.824386793151411,0.8242,0.7795577366120603,0.8631693624189166,0.7766012400161763,29.399999999999995,39.4842484968735,182.0,0.0,0.0,23.113333333333333,70.115,0.0
2018-08-03 03:00:00,0.838848195329087,0.833669771762208,0.8242174513685661,0.8240528662420382,0.7792111199575372,0.8626585987261146,0.7762456647730533,29.256475583864116,39.48407657657658,182.0,0.0,0.0,22.595,71.95,0.0
2018-08-03 04:00:00,0.8372090934790166,0.8329894521347875,0.8238826179120297,0.8237,0.7788366719660837,0.8622673025967144,0.7757673025967143,29.2,39.4825,182.0,0.0,0.0,22.26833333333333,72.05,0.045000000000000005
2018-08-03 05:00:00,0.836142889667487,0.8320949506597267,0.8234248171785499,0.8232974522292994,0.7784596979332273,0.8619662420382165,0.7755185214626391,29.2,39.4825,182.0,0.0,0.0,22.474999999999998,70.00333333333333,12.786666666666667
2018-08-03 06:00:00,0.8348921829379022,0.8314426368481632,0.8228951809480893,0.8227,0.7777976661468512,0.8615700977860589,0.7751153318548972,29.2,39.4825,182.0,0.0,0.0,23.946666666666662,65.24166666666666,111.33333333333333
2018-08-03 07:00:00,0.8336341029723991,0.8307141560678325,0.8222930201698514,0.8219914012738853,0.7773034235668789,0.8612048301486199,0.7747654989384288,29.2,39.4825,182.0,0.0,0.0,27.24,55.879999999999995,268.9666666666667
2018-08-03 08:00:00,0.8500013799158844,0.8410912889144296,0.8222520700636943,0.8216,0.7764311522181604,0.8607697403285638,0.7744439441502199,29.17420382165605,39.483580209799534,189.8,7.800000000000011,1.0,30.285,44.23166666666666,440.01666666666665
2018-08-03 09:00:00,0.865317962311933,0.8648147168962245,0.8467843128062656,0.8286194267515923,0.7877121122733016,0.8610993002628476,0.7745372012967682,29.0,39.49227441613588,204.4,14.599999999999994,1.0,33.06,34.169999999999995,595.3166666666667
2018-08-03 10:00:00,0.8682141454352442,0.8672885053180143,0.8641677813163482,0.8622621019108281,0.825030272681559,0.8723238580491471,0.7786713732616137,28.914331210191083,39.4925,219.0,14.599999999999994,1.0,34.45166666666666,31.581666666666663,714.6666666666666
2018-08-03 11:00:00,0.8707173933010969,0.8686519300023364,0.8650730713098128,0.863362101910828,0.8379956513255248,0.8765464908047962,0.785383942085962,28.600000000000005,39.48819930997877,230.8,11.800000000000011,1.0,35.875,28.075,792.6666666666666
2018-08-03 12:00:00,0.871275058157844,0.8625448077878701,0.8567740662422718,0.8533483253588516,0.8233831131519324,0.8739068370580877,0.7866971790364333,28.600000000000005,39.4749305557036,231.2,0.3999999999999772,1.0,36.685,29.72333333333333,811.5
2018-08-03 13:00:00,0.8700320889925063,0.8557220749228795,0.8484254426599214,0.845467942583732,0.8115996995601337,0.8718388712806916,0.7859957006369428,28.977707006369428,39.464909766454355,231.2,0.0,0.0,36.52333333333333,32.178333333333335,787.8333333333334
2018-08-03 14:00:00,0.8660340087092853,0.8521735226891781,0.8417822129271259,0.8394394904458599,0.8049262415895462,0.8705626474686524,0.7855355272046648,29.0,39.45811173036093,231.2,0.0,0.0,36.06166666666667,31.723333333333333,712.6666666666666
2018-08-03 15:00:00,0.8618689039659078,0.8493023388849948,0.8369644453671817,0.8354437898089172,0.7997295727557168,0.8696288239417305,0.7850333310476539,29.0,39.44945329087049,231.2,0.0,0.0,35.276666666666664,35.455,590.15
2018-08-03 16:00:00,0.8586352004400509,0.8461852234116476,0.8335308031192161,0.8322775477707006,0.795551064355447,0.8687372994527914,0.7846895877142189,29.0,39.44505506900212,231.2,0.0,0.0,33.986666666666665,38.95666666666666,439.26666666666665
2018-08-03 17:00:00,0.8556722241432348,0.8435699287675487,0.8307897124237553,0.8300535031847134,0.7922191319966211,0.8680326219790936,0.7842829087048832,29.186709197235512,39.445,231.2,0.0,0.0,32.82333333333333,39.74666666666666,270.68333333333334
2018-08-03 18:00:00,0.8534661052814911,0.8413313218538524,0.829223160282002,0.8286,0.7896252094541985,0.8673447324823833,0.7838261833078155,29.2,39.445,231.2,0.0,0.0,31.386666666666667,40.85666666666666,106.63
2018-08-03 19:00:00,0.8515173063606226,0.8395888816932313,0.8282574840764331,0.8279331210191082,0.7877273636465222,0.8666062101910827,0.7833046991029978,29.2,39.445,231.2,0.0,0.0,29.248333333333335,51.044999999999995,10.211666666666666
2018-08-03 20:00:00,0.8495520169851379,0.8384076433121019,0.8276612526539279,0.8274,0.786457855626327,0.8659553078556264,0.7826553078556263,29.25371549893843,39.445,231.2,0.0,0.0,27.19666666666667,65.73666666666666,0.0
2018-08-03 21:00:00,0.8473133916606752,0.8378283439490445,0.8274149443561208,0.8274,0.7859487499113951,0.8653387632105692,0.7818546709129511,29.399999999999995,39.45470256177871,231.2,0.0,0.0,25.855,72.16666666666667,0.0
2018-08-03 22:00:00,0.8458015175488339,0.8373308651804671,0.8276477707006369,0.8274625796178344,0.7855597133757962,0.8645308667837939,0.7810646794274604,29.399999999999995,39.47072118484164,231.2,0.0,0.0,24.674999999999997,72.53,0.0
2018-08-03 23:00:00,0.8440747206174221,0.836707474061869,0.8275576433121019,0.8274,0.7851299965570666,0.8637985660351246,0.7802463717831195,29.399999999999995,39.48105243615397,231.2,0.0,0.0,24.248333333333335,69.82166666666666,0.0